<?xml version="1.0" encoding="UTF-8"?>
<mesh>
    <sharedgeometry vertexcount="24">
        <vertexbuffer texture_coords="1" normals="true" colours_diffuse="False" positions="true">
            <vertex>
                <position z="-4.999997" x="4.999998" y="-0.125000"/>
                <normal z="-0.000000" x="0.000000" y="-1.000000"/>
                <texcoord u="1.045918" v="0.046146"/>
            </vertex>
            <vertex>
                <position z="4.999998" x="4.999998" y="-0.125000"/>
                <normal z="-0.000000" x="0.000000" y="-1.000000"/>
                <texcoord u="1.045918" v="0.984624"/>
            </vertex>
            <vertex>
                <position z="4.999997" x="-4.999998" y="-0.125000"/>
                <normal z="-0.000000" x="0.000000" y="-1.000000"/>
                <texcoord u="0.153083" v="0.984624"/>
            </vertex>
            <vertex>
                <position z="-5.000000" x="-4.999996" y="-0.125000"/>
                <normal z="-0.000000" x="0.000000" y="-1.000000"/>
                <texcoord u="0.153083" v="0.046146"/>
            </vertex>
            <vertex>
                <position z="-4.999995" x="5.000000" y="0.125000"/>
                <normal z="0.000000" x="0.000000" y="1.000000"/>
                <texcoord u="0.867351" v="0.046147"/>
            </vertex>
            <vertex>
                <position z="-4.999998" x="-4.999997" y="0.125000"/>
                <normal z="0.000000" x="0.000000" y="1.000000"/>
                <texcoord u="-0.025484" v="0.046146"/>
            </vertex>
            <vertex>
                <position z="4.999996" x="-5.000000" y="0.125000"/>
                <normal z="0.000000" x="0.000000" y="1.000000"/>
                <texcoord u="-0.025485" v="0.984624"/>
            </vertex>
            <vertex>
                <position z="5.000000" x="4.999994" y="0.125000"/>
                <normal z="0.000000" x="0.000000" y="1.000000"/>
                <texcoord u="0.867350" v="0.984624"/>
            </vertex>
            <vertex>
                <position z="-4.999997" x="4.999998" y="-0.125000"/>
                <normal z="0.000000" x="1.000000" y="0.000002"/>
                <texcoord u="1.045918" v="0.151725"/>
            </vertex>
            <vertex>
                <position z="-4.999995" x="5.000000" y="0.125000"/>
                <normal z="0.000000" x="1.000000" y="0.000002"/>
                <texcoord u="1.045918" v="0.128263"/>
            </vertex>
            <vertex>
                <position z="5.000000" x="4.999994" y="0.125000"/>
                <normal z="0.000000" x="1.000000" y="0.000002"/>
                <texcoord u="0.153083" v="0.128263"/>
            </vertex>
            <vertex>
                <position z="4.999998" x="4.999998" y="-0.125000"/>
                <normal z="0.000000" x="1.000000" y="0.000002"/>
                <texcoord u="0.153083" v="0.151725"/>
            </vertex>
            <vertex>
                <position z="4.999998" x="4.999998" y="-0.125000"/>
                <normal z="1.000000" x="-0.000000" y="-0.000004"/>
                <texcoord u="1.045918" v="0.151725"/>
            </vertex>
            <vertex>
                <position z="5.000000" x="4.999994" y="0.125000"/>
                <normal z="1.000000" x="-0.000000" y="-0.000004"/>
                <texcoord u="1.045917" v="0.128263"/>
            </vertex>
            <vertex>
                <position z="4.999996" x="-5.000000" y="0.125000"/>
                <normal z="1.000000" x="-0.000000" y="-0.000004"/>
                <texcoord u="0.153083" v="0.128263"/>
            </vertex>
            <vertex>
                <position z="4.999997" x="-4.999998" y="-0.125000"/>
                <normal z="1.000000" x="-0.000000" y="-0.000004"/>
                <texcoord u="0.153083" v="0.151725"/>
            </vertex>
            <vertex>
                <position z="4.999997" x="-4.999998" y="-0.125000"/>
                <normal z="-0.000000" x="-1.000000" y="-0.000006"/>
                <texcoord u="1.271209" v="0.151725"/>
            </vertex>
            <vertex>
                <position z="4.999996" x="-5.000000" y="0.125000"/>
                <normal z="-0.000000" x="-1.000000" y="-0.000006"/>
                <texcoord u="1.271209" v="0.128263"/>
            </vertex>
            <vertex>
                <position z="-4.999998" x="-4.999997" y="0.125000"/>
                <normal z="-0.000000" x="-1.000000" y="-0.000006"/>
                <texcoord u="1.356328" v="0.128263"/>
            </vertex>
            <vertex>
                <position z="-5.000000" x="-4.999996" y="-0.125000"/>
                <normal z="-0.000000" x="-1.000000" y="-0.000006"/>
                <texcoord u="1.356328" v="0.151725"/>
            </vertex>
            <vertex>
                <position z="-4.999995" x="5.000000" y="0.125000"/>
                <normal z="-1.000000" x="0.000000" y="0.000009"/>
                <texcoord u="0.867351" v="0.128263"/>
            </vertex>
            <vertex>
                <position z="-4.999997" x="4.999998" y="-0.125000"/>
                <normal z="-1.000000" x="0.000000" y="0.000009"/>
                <texcoord u="0.867351" v="0.151725"/>
            </vertex>
            <vertex>
                <position z="-5.000000" x="-4.999996" y="-0.125000"/>
                <normal z="-1.000000" x="0.000000" y="0.000009"/>
                <texcoord u="-0.025484" v="0.151725"/>
            </vertex>
            <vertex>
                <position z="-4.999998" x="-4.999997" y="0.125000"/>
                <normal z="-1.000000" x="0.000000" y="0.000009"/>
                <texcoord u="-0.025484" v="0.128263"/>
            </vertex>
        </vertexbuffer>
    </sharedgeometry>
    <submeshes>
        <submesh material="Level" usesharedvertices="true" use32bitindexes="False" operationtype="triangle_list">
            <faces count="12">
                <face v3="2" v2="1" v1="0"/>
                <face v3="3" v2="2" v1="0"/>
                <face v3="6" v2="5" v1="4"/>
                <face v3="7" v2="6" v1="4"/>
                <face v3="10" v2="9" v1="8"/>
                <face v3="11" v2="10" v1="8"/>
                <face v3="14" v2="13" v1="12"/>
                <face v3="15" v2="14" v1="12"/>
                <face v3="18" v2="17" v1="16"/>
                <face v3="19" v2="18" v1="16"/>
                <face v3="22" v2="21" v1="20"/>
                <face v3="23" v2="22" v1="20"/>
            </faces>
        </submesh>
    </submeshes>
    <submeshnames>
        <submesh index="0" name="Level">
        </submesh>
    </submeshnames>
</mesh>