<?xml version="1.0" encoding="UTF-8"?>
<mesh>
    <sharedgeometry vertexcount="24">
        <vertexbuffer normals="true" positions="true" texture_coords="1" colours_diffuse="False">
            <vertex>
                <position z="-4.999997" x="4.999998" y="-0.125000"/>
                <normal z="-0.000000" x="0.000000" y="-1.000000"/>
                <texcoord u="0.000000" v="1.000000"/>
            </vertex>
            <vertex>
                <position z="4.999998" x="4.999998" y="-0.125000"/>
                <normal z="-0.000000" x="0.000000" y="-1.000000"/>
                <texcoord u="1.000000" v="1.000000"/>
            </vertex>
            <vertex>
                <position z="4.999997" x="-4.999998" y="-0.125000"/>
                <normal z="-0.000000" x="0.000000" y="-1.000000"/>
                <texcoord u="1.000000" v="0.000000"/>
            </vertex>
            <vertex>
                <position z="-5.000000" x="-4.999996" y="-0.125000"/>
                <normal z="-0.000000" x="0.000000" y="-1.000000"/>
                <texcoord u="0.000000" v="0.000000"/>
            </vertex>
            <vertex>
                <position z="-4.999995" x="5.000000" y="0.125000"/>
                <normal z="0.000000" x="0.000000" y="1.000000"/>
                <texcoord u="0.000000" v="1.000000"/>
            </vertex>
            <vertex>
                <position z="-4.999998" x="-4.999997" y="0.125000"/>
                <normal z="0.000000" x="0.000000" y="1.000000"/>
                <texcoord u="1.000000" v="1.000000"/>
            </vertex>
            <vertex>
                <position z="4.999996" x="-5.000000" y="0.125000"/>
                <normal z="0.000000" x="0.000000" y="1.000000"/>
                <texcoord u="1.000000" v="0.000000"/>
            </vertex>
            <vertex>
                <position z="5.000000" x="4.999994" y="0.125000"/>
                <normal z="0.000000" x="0.000000" y="1.000000"/>
                <texcoord u="0.000000" v="0.000000"/>
            </vertex>
            <vertex>
                <position z="-4.999997" x="4.999998" y="-0.125000"/>
                <normal z="0.000000" x="1.000000" y="0.000002"/>
                <texcoord u="0.000000" v="1.000000"/>
            </vertex>
            <vertex>
                <position z="-4.999995" x="5.000000" y="0.125000"/>
                <normal z="0.000000" x="1.000000" y="0.000002"/>
                <texcoord u="1.000000" v="1.000000"/>
            </vertex>
            <vertex>
                <position z="5.000000" x="4.999994" y="0.125000"/>
                <normal z="0.000000" x="1.000000" y="0.000002"/>
                <texcoord u="1.000000" v="0.000000"/>
            </vertex>
            <vertex>
                <position z="4.999998" x="4.999998" y="-0.125000"/>
                <normal z="0.000000" x="1.000000" y="0.000002"/>
                <texcoord u="0.000000" v="0.000000"/>
            </vertex>
            <vertex>
                <position z="4.999998" x="4.999998" y="-0.125000"/>
                <normal z="1.000000" x="-0.000000" y="-0.000004"/>
                <texcoord u="0.000000" v="1.000000"/>
            </vertex>
            <vertex>
                <position z="5.000000" x="4.999994" y="0.125000"/>
                <normal z="1.000000" x="-0.000000" y="-0.000004"/>
                <texcoord u="1.000000" v="1.000000"/>
            </vertex>
            <vertex>
                <position z="4.999996" x="-5.000000" y="0.125000"/>
                <normal z="1.000000" x="-0.000000" y="-0.000004"/>
                <texcoord u="1.000000" v="0.000000"/>
            </vertex>
            <vertex>
                <position z="4.999997" x="-4.999998" y="-0.125000"/>
                <normal z="1.000000" x="-0.000000" y="-0.000004"/>
                <texcoord u="0.000000" v="0.000000"/>
            </vertex>
            <vertex>
                <position z="4.999997" x="-4.999998" y="-0.125000"/>
                <normal z="-0.000000" x="-1.000000" y="-0.000006"/>
                <texcoord u="0.000000" v="1.000000"/>
            </vertex>
            <vertex>
                <position z="4.999996" x="-5.000000" y="0.125000"/>
                <normal z="-0.000000" x="-1.000000" y="-0.000006"/>
                <texcoord u="1.000000" v="1.000000"/>
            </vertex>
            <vertex>
                <position z="-4.999998" x="-4.999997" y="0.125000"/>
                <normal z="-0.000000" x="-1.000000" y="-0.000006"/>
                <texcoord u="1.000000" v="0.000000"/>
            </vertex>
            <vertex>
                <position z="-5.000000" x="-4.999996" y="-0.125000"/>
                <normal z="-0.000000" x="-1.000000" y="-0.000006"/>
                <texcoord u="0.000000" v="0.000000"/>
            </vertex>
            <vertex>
                <position z="-4.999995" x="5.000000" y="0.125000"/>
                <normal z="-1.000000" x="0.000000" y="0.000009"/>
                <texcoord u="0.000000" v="1.000000"/>
            </vertex>
            <vertex>
                <position z="-4.999997" x="4.999998" y="-0.125000"/>
                <normal z="-1.000000" x="0.000000" y="0.000009"/>
                <texcoord u="1.000000" v="1.000000"/>
            </vertex>
            <vertex>
                <position z="-5.000000" x="-4.999996" y="-0.125000"/>
                <normal z="-1.000000" x="0.000000" y="0.000009"/>
                <texcoord u="1.000000" v="0.000000"/>
            </vertex>
            <vertex>
                <position z="-4.999998" x="-4.999997" y="0.125000"/>
                <normal z="-1.000000" x="0.000000" y="0.000009"/>
                <texcoord u="0.000000" v="0.000000"/>
            </vertex>
        </vertexbuffer>
    </sharedgeometry>
    <submeshes>
        <submesh use32bitindexes="False" usesharedvertices="true" material="Level" operationtype="triangle_list">
            <faces count="12">
                <face v1="0" v3="2" v2="1"/>
                <face v1="0" v3="3" v2="2"/>
                <face v1="4" v3="6" v2="5"/>
                <face v1="4" v3="7" v2="6"/>
                <face v1="8" v3="10" v2="9"/>
                <face v1="8" v3="11" v2="10"/>
                <face v1="12" v3="14" v2="13"/>
                <face v1="12" v3="15" v2="14"/>
                <face v1="16" v3="18" v2="17"/>
                <face v1="16" v3="19" v2="18"/>
                <face v1="20" v3="22" v2="21"/>
                <face v1="20" v3="23" v2="22"/>
            </faces>
        </submesh>
    </submeshes>
    <submeshnames>
        <submesh index="0" name="Level">
        </submesh>
    </submeshnames>
</mesh>