<?xml version="1.0" encoding="UTF-8"?>
<mesh>
    <sharedgeometry vertexcount="24">
        <vertexbuffer normals="true" texture_coords="1" colours_diffuse="False" positions="true">
            <vertex>
                <position x="1.249999" y="0.737588" z="-2.391983"/>
                <normal x="0.000000" y="-0.939693" z="-0.342020"/>
                <texcoord u="0.471141" v="0.198781"/>
            </vertex>
            <vertex>
                <position x="1.249999" y="-0.972511" z="2.306478"/>
                <normal x="0.000000" y="-0.939693" z="-0.342020"/>
                <texcoord u="0.471141" v="0.966881"/>
            </vertex>
            <vertex>
                <position x="-1.250000" y="-0.972511" z="2.306478"/>
                <normal x="0.000000" y="-0.939693" z="-0.342020"/>
                <texcoord u="0.062443" v="0.966881"/>
            </vertex>
            <vertex>
                <position x="-1.249999" y="0.737589" z="-2.391984"/>
                <normal x="0.000000" y="-0.939693" z="-0.342020"/>
                <texcoord u="0.062443" v="0.198781"/>
            </vertex>
            <vertex>
                <position x="1.250000" y="0.972511" z="-2.306477"/>
                <normal x="0.000000" y="0.939693" z="0.342020"/>
                <texcoord u="0.471141" v="0.212760"/>
            </vertex>
            <vertex>
                <position x="-1.249999" y="0.972511" z="-2.306478"/>
                <normal x="0.000000" y="0.939693" z="0.342020"/>
                <texcoord u="0.062444" v="0.212760"/>
            </vertex>
            <vertex>
                <position x="-1.250000" y="-0.737588" z="2.391983"/>
                <normal x="0.000000" y="0.939693" z="0.342020"/>
                <texcoord u="0.062443" v="0.980859"/>
            </vertex>
            <vertex>
                <position x="1.249999" y="-0.737589" z="2.391984"/>
                <normal x="0.000000" y="0.939693" z="0.342020"/>
                <texcoord u="0.471141" v="0.980859"/>
            </vertex>
            <vertex>
                <position x="1.249999" y="0.737588" z="-2.391983"/>
                <normal x="1.000000" y="0.000000" z="0.000000"/>
                <texcoord u="1.057782" v="0.160885"/>
            </vertex>
            <vertex>
                <position x="1.250000" y="0.972511" z="-2.306477"/>
                <normal x="1.000000" y="0.000000" z="0.000000"/>
                <texcoord u="1.043803" v="0.122480"/>
            </vertex>
            <vertex>
                <position x="1.249999" y="-0.737589" z="2.391984"/>
                <normal x="1.000000" y="0.000000" z="0.000000"/>
                <texcoord u="0.275704" v="0.402045"/>
            </vertex>
            <vertex>
                <position x="1.249999" y="-0.972511" z="2.306478"/>
                <normal x="1.000000" y="0.000000" z="0.000000"/>
                <texcoord u="0.289682" v="0.440450"/>
            </vertex>
            <vertex>
                <position x="1.249999" y="-0.972511" z="2.306478"/>
                <normal x="-0.000000" y="-0.342023" z="0.939692"/>
                <texcoord u="0.471141" v="0.421847"/>
            </vertex>
            <vertex>
                <position x="1.249999" y="-0.737589" z="2.391984"/>
                <normal x="-0.000000" y="-0.342023" z="0.939692"/>
                <texcoord u="0.471141" v="0.383443"/>
            </vertex>
            <vertex>
                <position x="-1.250000" y="-0.737588" z="2.391983"/>
                <normal x="-0.000000" y="-0.342023" z="0.939692"/>
                <texcoord u="0.062443" v="0.383442"/>
            </vertex>
            <vertex>
                <position x="-1.250000" y="-0.972511" z="2.306478"/>
                <normal x="-0.000000" y="-0.342023" z="0.939692"/>
                <texcoord u="0.062443" v="0.421847"/>
            </vertex>
            <vertex>
                <position x="-1.250000" y="-0.972511" z="2.306478"/>
                <normal x="-1.000000" y="-0.000001" z="-0.000001"/>
                <texcoord u="0.627440" v="0.361123"/>
            </vertex>
            <vertex>
                <position x="-1.250000" y="-0.737588" z="2.391983"/>
                <normal x="-1.000000" y="-0.000001" z="-0.000001"/>
                <texcoord u="0.622890" v="0.348621"/>
            </vertex>
            <vertex>
                <position x="-1.249999" y="0.972511" z="-2.306478"/>
                <normal x="-1.000000" y="-0.000001" z="-0.000001"/>
                <texcoord u="0.872932" v="0.257613"/>
            </vertex>
            <vertex>
                <position x="-1.249999" y="0.737589" z="-2.391984"/>
                <normal x="-1.000000" y="-0.000001" z="-0.000001"/>
                <texcoord u="0.877483" v="0.270115"/>
            </vertex>
            <vertex>
                <position x="1.250000" y="0.972511" z="-2.306477"/>
                <normal x="0.000000" y="0.342025" z="-0.939691"/>
                <texcoord u="0.471141" v="0.103877"/>
            </vertex>
            <vertex>
                <position x="1.249999" y="0.737588" z="-2.391983"/>
                <normal x="0.000000" y="0.342025" z="-0.939691"/>
                <texcoord u="0.471141" v="0.142282"/>
            </vertex>
            <vertex>
                <position x="-1.249999" y="0.737589" z="-2.391984"/>
                <normal x="0.000000" y="0.342025" z="-0.939691"/>
                <texcoord u="0.062443" v="0.142282"/>
            </vertex>
            <vertex>
                <position x="-1.249999" y="0.972511" z="-2.306478"/>
                <normal x="0.000000" y="0.342025" z="-0.939691"/>
                <texcoord u="0.062444" v="0.103877"/>
            </vertex>
        </vertexbuffer>
    </sharedgeometry>
    <submeshes>
        <submesh usesharedvertices="true" material="Level" use32bitindexes="False" operationtype="triangle_list">
            <faces count="12">
                <face v3="2" v2="1" v1="0"/>
                <face v3="3" v2="2" v1="0"/>
                <face v3="6" v2="5" v1="4"/>
                <face v3="7" v2="6" v1="4"/>
                <face v3="10" v2="9" v1="8"/>
                <face v3="11" v2="10" v1="8"/>
                <face v3="14" v2="13" v1="12"/>
                <face v3="15" v2="14" v1="12"/>
                <face v3="18" v2="17" v1="16"/>
                <face v3="19" v2="18" v1="16"/>
                <face v3="22" v2="21" v1="20"/>
                <face v3="23" v2="22" v1="20"/>
            </faces>
        </submesh>
    </submeshes>
    <submeshnames>
        <submesh name="Level" index="0">
        </submesh>
    </submeshnames>
</mesh>