<?xml version="1.0" encoding="UTF-8"?>
<mesh>
    <sharedgeometry vertexcount="24">
        <vertexbuffer colours_diffuse="False" texture_coords="0" normals="true" positions="true">
            <vertex>
                <position z="-4.999997" y="-0.125000" x="4.999998"/>
                <normal z="-0.000000" y="-1.000000" x="0.000000"/>
            </vertex>
            <vertex>
                <position z="4.999998" y="-0.125000" x="4.999998"/>
                <normal z="-0.000000" y="-1.000000" x="0.000000"/>
            </vertex>
            <vertex>
                <position z="4.999997" y="-0.125000" x="-4.999998"/>
                <normal z="-0.000000" y="-1.000000" x="0.000000"/>
            </vertex>
            <vertex>
                <position z="-5.000000" y="-0.125000" x="-4.999996"/>
                <normal z="-0.000000" y="-1.000000" x="0.000000"/>
            </vertex>
            <vertex>
                <position z="-4.999995" y="0.125000" x="5.000000"/>
                <normal z="0.000000" y="1.000000" x="0.000000"/>
            </vertex>
            <vertex>
                <position z="-4.999998" y="0.125000" x="-4.999997"/>
                <normal z="0.000000" y="1.000000" x="0.000000"/>
            </vertex>
            <vertex>
                <position z="4.999996" y="0.125000" x="-5.000000"/>
                <normal z="0.000000" y="1.000000" x="0.000000"/>
            </vertex>
            <vertex>
                <position z="5.000000" y="0.125000" x="4.999994"/>
                <normal z="0.000000" y="1.000000" x="0.000000"/>
            </vertex>
            <vertex>
                <position z="-4.999997" y="-0.125000" x="4.999998"/>
                <normal z="0.000000" y="0.000002" x="1.000000"/>
            </vertex>
            <vertex>
                <position z="-4.999995" y="0.125000" x="5.000000"/>
                <normal z="0.000000" y="0.000002" x="1.000000"/>
            </vertex>
            <vertex>
                <position z="5.000000" y="0.125000" x="4.999994"/>
                <normal z="0.000000" y="0.000002" x="1.000000"/>
            </vertex>
            <vertex>
                <position z="4.999998" y="-0.125000" x="4.999998"/>
                <normal z="0.000000" y="0.000002" x="1.000000"/>
            </vertex>
            <vertex>
                <position z="4.999998" y="-0.125000" x="4.999998"/>
                <normal z="1.000000" y="-0.000004" x="-0.000000"/>
            </vertex>
            <vertex>
                <position z="5.000000" y="0.125000" x="4.999994"/>
                <normal z="1.000000" y="-0.000004" x="-0.000000"/>
            </vertex>
            <vertex>
                <position z="4.999996" y="0.125000" x="-5.000000"/>
                <normal z="1.000000" y="-0.000004" x="-0.000000"/>
            </vertex>
            <vertex>
                <position z="4.999997" y="-0.125000" x="-4.999998"/>
                <normal z="1.000000" y="-0.000004" x="-0.000000"/>
            </vertex>
            <vertex>
                <position z="4.999997" y="-0.125000" x="-4.999998"/>
                <normal z="-0.000000" y="-0.000006" x="-1.000000"/>
            </vertex>
            <vertex>
                <position z="4.999996" y="0.125000" x="-5.000000"/>
                <normal z="-0.000000" y="-0.000006" x="-1.000000"/>
            </vertex>
            <vertex>
                <position z="-4.999998" y="0.125000" x="-4.999997"/>
                <normal z="-0.000000" y="-0.000006" x="-1.000000"/>
            </vertex>
            <vertex>
                <position z="-5.000000" y="-0.125000" x="-4.999996"/>
                <normal z="-0.000000" y="-0.000006" x="-1.000000"/>
            </vertex>
            <vertex>
                <position z="-4.999995" y="0.125000" x="5.000000"/>
                <normal z="-1.000000" y="0.000009" x="0.000000"/>
            </vertex>
            <vertex>
                <position z="-4.999997" y="-0.125000" x="4.999998"/>
                <normal z="-1.000000" y="0.000009" x="0.000000"/>
            </vertex>
            <vertex>
                <position z="-5.000000" y="-0.125000" x="-4.999996"/>
                <normal z="-1.000000" y="0.000009" x="0.000000"/>
            </vertex>
            <vertex>
                <position z="-4.999998" y="0.125000" x="-4.999997"/>
                <normal z="-1.000000" y="0.000009" x="0.000000"/>
            </vertex>
        </vertexbuffer>
    </sharedgeometry>
    <submeshes>
        <submesh use32bitindexes="False" operationtype="triangle_list" usesharedvertices="true" material="Level">
            <faces count="12">
                <face v3="2" v2="1" v1="0"/>
                <face v3="3" v2="2" v1="0"/>
                <face v3="6" v2="5" v1="4"/>
                <face v3="7" v2="6" v1="4"/>
                <face v3="10" v2="9" v1="8"/>
                <face v3="11" v2="10" v1="8"/>
                <face v3="14" v2="13" v1="12"/>
                <face v3="15" v2="14" v1="12"/>
                <face v3="18" v2="17" v1="16"/>
                <face v3="19" v2="18" v1="16"/>
                <face v3="22" v2="21" v1="20"/>
                <face v3="23" v2="22" v1="20"/>
            </faces>
        </submesh>
    </submeshes>
    <submeshnames>
        <submesh index="0" name="Level">
        </submesh>
    </submeshnames>
</mesh>