<?xml version="1.0" encoding="UTF-8"?>
<mesh>
    <sharedgeometry vertexcount="24">
        <vertexbuffer positions="true" colours_diffuse="False" normals="true" texture_coords="1">
            <vertex>
                <position y="-0.125000" x="-4.999997" z="-0.750000"/>
                <normal y="-1.000000" x="0.000000" z="-0.000000"/>
                <texcoord v="1.000000" u="0.000000"/>
            </vertex>
            <vertex>
                <position y="-0.125000" x="4.999998" z="-0.749999"/>
                <normal y="-1.000000" x="0.000000" z="-0.000000"/>
                <texcoord v="1.000000" u="1.000000"/>
            </vertex>
            <vertex>
                <position y="-0.125000" x="4.999997" z="0.750000"/>
                <normal y="-1.000000" x="0.000000" z="-0.000000"/>
                <texcoord v="0.000000" u="1.000000"/>
            </vertex>
            <vertex>
                <position y="-0.125000" x="-5.000000" z="0.749999"/>
                <normal y="-1.000000" x="0.000000" z="-0.000000"/>
                <texcoord v="0.000000" u="0.000000"/>
            </vertex>
            <vertex>
                <position y="0.125000" x="-4.999995" z="-0.750000"/>
                <normal y="1.000000" x="0.000000" z="-0.000000"/>
                <texcoord v="1.000000" u="0.000000"/>
            </vertex>
            <vertex>
                <position y="0.125000" x="-4.999998" z="0.749999"/>
                <normal y="1.000000" x="0.000000" z="-0.000000"/>
                <texcoord v="1.000000" u="1.000000"/>
            </vertex>
            <vertex>
                <position y="0.125000" x="4.999996" z="0.750000"/>
                <normal y="1.000000" x="0.000000" z="-0.000000"/>
                <texcoord v="0.000000" u="1.000000"/>
            </vertex>
            <vertex>
                <position y="0.125000" x="5.000000" z="-0.749999"/>
                <normal y="1.000000" x="0.000000" z="-0.000000"/>
                <texcoord v="0.000000" u="0.000000"/>
            </vertex>
            <vertex>
                <position y="-0.125000" x="-4.999997" z="-0.750000"/>
                <normal y="0.000000" x="0.000000" z="-1.000000"/>
                <texcoord v="1.000000" u="0.000000"/>
            </vertex>
            <vertex>
                <position y="0.125000" x="-4.999995" z="-0.750000"/>
                <normal y="0.000000" x="0.000000" z="-1.000000"/>
                <texcoord v="1.000000" u="1.000000"/>
            </vertex>
            <vertex>
                <position y="0.125000" x="5.000000" z="-0.749999"/>
                <normal y="0.000000" x="0.000000" z="-1.000000"/>
                <texcoord v="0.000000" u="1.000000"/>
            </vertex>
            <vertex>
                <position y="-0.125000" x="4.999998" z="-0.749999"/>
                <normal y="0.000000" x="0.000000" z="-1.000000"/>
                <texcoord v="0.000000" u="0.000000"/>
            </vertex>
            <vertex>
                <position y="-0.125000" x="4.999998" z="-0.749999"/>
                <normal y="-0.000004" x="1.000000" z="0.000002"/>
                <texcoord v="1.000000" u="0.000000"/>
            </vertex>
            <vertex>
                <position y="0.125000" x="5.000000" z="-0.749999"/>
                <normal y="-0.000004" x="1.000000" z="0.000002"/>
                <texcoord v="1.000000" u="1.000000"/>
            </vertex>
            <vertex>
                <position y="0.125000" x="4.999996" z="0.750000"/>
                <normal y="-0.000004" x="1.000000" z="0.000002"/>
                <texcoord v="0.000000" u="1.000000"/>
            </vertex>
            <vertex>
                <position y="-0.125000" x="4.999997" z="0.750000"/>
                <normal y="-0.000004" x="1.000000" z="0.000002"/>
                <texcoord v="0.000000" u="0.000000"/>
            </vertex>
            <vertex>
                <position y="-0.125000" x="4.999997" z="0.750000"/>
                <normal y="-0.000001" x="-0.000000" z="1.000000"/>
                <texcoord v="1.000000" u="0.000000"/>
            </vertex>
            <vertex>
                <position y="0.125000" x="4.999996" z="0.750000"/>
                <normal y="-0.000001" x="-0.000000" z="1.000000"/>
                <texcoord v="1.000000" u="1.000000"/>
            </vertex>
            <vertex>
                <position y="0.125000" x="-4.999998" z="0.749999"/>
                <normal y="-0.000001" x="-0.000000" z="1.000000"/>
                <texcoord v="0.000000" u="1.000000"/>
            </vertex>
            <vertex>
                <position y="-0.125000" x="-5.000000" z="0.749999"/>
                <normal y="-0.000001" x="-0.000000" z="1.000000"/>
                <texcoord v="0.000000" u="0.000000"/>
            </vertex>
            <vertex>
                <position y="0.125000" x="-4.999995" z="-0.750000"/>
                <normal y="0.000009" x="-1.000000" z="-0.000002"/>
                <texcoord v="1.000000" u="0.000000"/>
            </vertex>
            <vertex>
                <position y="-0.125000" x="-4.999997" z="-0.750000"/>
                <normal y="0.000009" x="-1.000000" z="-0.000002"/>
                <texcoord v="1.000000" u="1.000000"/>
            </vertex>
            <vertex>
                <position y="-0.125000" x="-5.000000" z="0.749999"/>
                <normal y="0.000009" x="-1.000000" z="-0.000002"/>
                <texcoord v="0.000000" u="1.000000"/>
            </vertex>
            <vertex>
                <position y="0.125000" x="-4.999998" z="0.749999"/>
                <normal y="0.000009" x="-1.000000" z="-0.000002"/>
                <texcoord v="0.000000" u="0.000000"/>
            </vertex>
        </vertexbuffer>
    </sharedgeometry>
    <submeshes>
        <submesh material="Level" use32bitindexes="False" usesharedvertices="true" operationtype="triangle_list">
            <faces count="12">
                <face v2="1" v1="0" v3="2"/>
                <face v2="2" v1="0" v3="3"/>
                <face v2="5" v1="4" v3="6"/>
                <face v2="6" v1="4" v3="7"/>
                <face v2="9" v1="8" v3="10"/>
                <face v2="10" v1="8" v3="11"/>
                <face v2="13" v1="12" v3="14"/>
                <face v2="14" v1="12" v3="15"/>
                <face v2="17" v1="16" v3="18"/>
                <face v2="18" v1="16" v3="19"/>
                <face v2="21" v1="20" v3="22"/>
                <face v2="22" v1="20" v3="23"/>
            </faces>
        </submesh>
    </submeshes>
    <submeshnames>
        <submesh index="0" name="Level">
        </submesh>
    </submeshnames>
</mesh>