<?xml version="1.0" encoding="UTF-8"?>
<mesh>
    <sharedgeometry vertexcount="24">
        <vertexbuffer texture_coords="0" colours_diffuse="False" positions="true" normals="true">
            <vertex>
                <position z="-4.999997" y="-0.125000" x="1.749999"/>
                <normal z="-0.000000" y="-1.000000" x="0.000000"/>
            </vertex>
            <vertex>
                <position z="4.999998" y="-0.125000" x="1.749999"/>
                <normal z="-0.000000" y="-1.000000" x="0.000000"/>
            </vertex>
            <vertex>
                <position z="4.999997" y="-0.125000" x="-1.749999"/>
                <normal z="-0.000000" y="-1.000000" x="0.000000"/>
            </vertex>
            <vertex>
                <position z="-5.000000" y="-0.125000" x="-1.749999"/>
                <normal z="-0.000000" y="-1.000000" x="0.000000"/>
            </vertex>
            <vertex>
                <position z="-4.999995" y="0.125000" x="1.750000"/>
                <normal z="0.000000" y="1.000000" x="0.000000"/>
            </vertex>
            <vertex>
                <position z="-4.999998" y="0.125000" x="-1.749999"/>
                <normal z="0.000000" y="1.000000" x="0.000000"/>
            </vertex>
            <vertex>
                <position z="4.999996" y="0.125000" x="-1.750000"/>
                <normal z="0.000000" y="1.000000" x="0.000000"/>
            </vertex>
            <vertex>
                <position z="5.000000" y="0.125000" x="1.749998"/>
                <normal z="0.000000" y="1.000000" x="0.000000"/>
            </vertex>
            <vertex>
                <position z="-4.999997" y="-0.125000" x="1.749999"/>
                <normal z="0.000000" y="0.000001" x="1.000000"/>
            </vertex>
            <vertex>
                <position z="-4.999995" y="0.125000" x="1.750000"/>
                <normal z="0.000000" y="0.000001" x="1.000000"/>
            </vertex>
            <vertex>
                <position z="5.000000" y="0.125000" x="1.749998"/>
                <normal z="0.000000" y="0.000001" x="1.000000"/>
            </vertex>
            <vertex>
                <position z="4.999998" y="-0.125000" x="1.749999"/>
                <normal z="0.000000" y="0.000001" x="1.000000"/>
            </vertex>
            <vertex>
                <position z="4.999998" y="-0.125000" x="1.749999"/>
                <normal z="1.000000" y="-0.000004" x="-0.000001"/>
            </vertex>
            <vertex>
                <position z="5.000000" y="0.125000" x="1.749998"/>
                <normal z="1.000000" y="-0.000004" x="-0.000001"/>
            </vertex>
            <vertex>
                <position z="4.999996" y="0.125000" x="-1.750000"/>
                <normal z="1.000000" y="-0.000004" x="-0.000001"/>
            </vertex>
            <vertex>
                <position z="4.999997" y="-0.125000" x="-1.749999"/>
                <normal z="1.000000" y="-0.000004" x="-0.000001"/>
            </vertex>
            <vertex>
                <position z="4.999997" y="-0.125000" x="-1.749999"/>
                <normal z="-0.000000" y="-0.000002" x="-1.000000"/>
            </vertex>
            <vertex>
                <position z="4.999996" y="0.125000" x="-1.750000"/>
                <normal z="-0.000000" y="-0.000002" x="-1.000000"/>
            </vertex>
            <vertex>
                <position z="-4.999998" y="0.125000" x="-1.749999"/>
                <normal z="-0.000000" y="-0.000002" x="-1.000000"/>
            </vertex>
            <vertex>
                <position z="-5.000000" y="-0.125000" x="-1.749999"/>
                <normal z="-0.000000" y="-0.000002" x="-1.000000"/>
            </vertex>
            <vertex>
                <position z="-4.999995" y="0.125000" x="1.750000"/>
                <normal z="-1.000000" y="0.000009" x="0.000001"/>
            </vertex>
            <vertex>
                <position z="-4.999997" y="-0.125000" x="1.749999"/>
                <normal z="-1.000000" y="0.000009" x="0.000001"/>
            </vertex>
            <vertex>
                <position z="-5.000000" y="-0.125000" x="-1.749999"/>
                <normal z="-1.000000" y="0.000009" x="0.000001"/>
            </vertex>
            <vertex>
                <position z="-4.999998" y="0.125000" x="-1.749999"/>
                <normal z="-1.000000" y="0.000009" x="0.000001"/>
            </vertex>
        </vertexbuffer>
    </sharedgeometry>
    <submeshes>
        <submesh usesharedvertices="true" use32bitindexes="False" material="_missing_material_" operationtype="triangle_list">
            <faces count="12">
                <face v2="1" v3="2" v1="0"/>
                <face v2="2" v3="3" v1="0"/>
                <face v2="5" v3="6" v1="4"/>
                <face v2="6" v3="7" v1="4"/>
                <face v2="9" v3="10" v1="8"/>
                <face v2="10" v3="11" v1="8"/>
                <face v2="13" v3="14" v1="12"/>
                <face v2="14" v3="15" v1="12"/>
                <face v2="17" v3="18" v1="16"/>
                <face v2="18" v3="19" v1="16"/>
                <face v2="21" v3="22" v1="20"/>
                <face v2="22" v3="23" v1="20"/>
            </faces>
        </submesh>
    </submeshes>
    <submeshnames>
        <submesh index="0" name="_missing_material_">
        </submesh>
    </submeshnames>
</mesh>