<?xml version="1.0" encoding="UTF-8"?>
<mesh>
    <sharedgeometry vertexcount="72">
        <vertexbuffer positions="true" colours_diffuse="False" normals="true" texture_coords="0">
            <vertex>
                <position y="-0.150000" z="-4.999997" x="4.999998"/>
                <normal y="-1.000000" z="-0.000000" x="0.000000"/>
            </vertex>
            <vertex>
                <position y="-0.150000" z="4.999998" x="4.999998"/>
                <normal y="-1.000000" z="-0.000000" x="0.000000"/>
            </vertex>
            <vertex>
                <position y="-0.150000" z="4.999997" x="-4.999998"/>
                <normal y="-1.000000" z="-0.000000" x="0.000000"/>
            </vertex>
            <vertex>
                <position y="-0.150000" z="-5.000000" x="-4.999996"/>
                <normal y="-1.000000" z="-0.000000" x="0.000000"/>
            </vertex>
            <vertex>
                <position y="0.150000" z="-4.999995" x="5.000000"/>
                <normal y="1.000000" z="0.000000" x="0.000000"/>
            </vertex>
            <vertex>
                <position y="0.150000" z="-4.999998" x="-4.999997"/>
                <normal y="1.000000" z="0.000000" x="0.000000"/>
            </vertex>
            <vertex>
                <position y="0.150000" z="4.999996" x="-5.000000"/>
                <normal y="1.000000" z="0.000000" x="0.000000"/>
            </vertex>
            <vertex>
                <position y="0.150000" z="5.000000" x="4.999994"/>
                <normal y="1.000000" z="0.000000" x="0.000000"/>
            </vertex>
            <vertex>
                <position y="-0.150000" z="-4.999997" x="4.999998"/>
                <normal y="0.000002" z="0.000000" x="1.000000"/>
            </vertex>
            <vertex>
                <position y="0.150000" z="-4.999995" x="5.000000"/>
                <normal y="0.000002" z="0.000000" x="1.000000"/>
            </vertex>
            <vertex>
                <position y="0.150000" z="5.000000" x="4.999994"/>
                <normal y="0.000002" z="0.000000" x="1.000000"/>
            </vertex>
            <vertex>
                <position y="-0.150000" z="4.999998" x="4.999998"/>
                <normal y="0.000002" z="0.000000" x="1.000000"/>
            </vertex>
            <vertex>
                <position y="-0.150000" z="4.999998" x="4.999998"/>
                <normal y="-0.000003" z="1.000000" x="-0.000000"/>
            </vertex>
            <vertex>
                <position y="0.150000" z="5.000000" x="4.999994"/>
                <normal y="-0.000003" z="1.000000" x="-0.000000"/>
            </vertex>
            <vertex>
                <position y="0.150000" z="4.999996" x="-5.000000"/>
                <normal y="-0.000003" z="1.000000" x="-0.000000"/>
            </vertex>
            <vertex>
                <position y="-0.150000" z="4.999997" x="-4.999998"/>
                <normal y="-0.000003" z="1.000000" x="-0.000000"/>
            </vertex>
            <vertex>
                <position y="-0.150000" z="4.999997" x="-4.999998"/>
                <normal y="-0.000005" z="-0.000000" x="-1.000000"/>
            </vertex>
            <vertex>
                <position y="0.150000" z="4.999996" x="-5.000000"/>
                <normal y="-0.000005" z="-0.000000" x="-1.000000"/>
            </vertex>
            <vertex>
                <position y="0.150000" z="-4.999998" x="-4.999997"/>
                <normal y="-0.000005" z="-0.000000" x="-1.000000"/>
            </vertex>
            <vertex>
                <position y="-0.150000" z="-5.000000" x="-4.999996"/>
                <normal y="-0.000005" z="-0.000000" x="-1.000000"/>
            </vertex>
            <vertex>
                <position y="0.150000" z="-4.999995" x="5.000000"/>
                <normal y="0.000007" z="-1.000000" x="0.000000"/>
            </vertex>
            <vertex>
                <position y="-0.150000" z="-4.999997" x="4.999998"/>
                <normal y="0.000007" z="-1.000000" x="0.000000"/>
            </vertex>
            <vertex>
                <position y="-0.150000" z="-5.000000" x="-4.999996"/>
                <normal y="0.000007" z="-1.000000" x="0.000000"/>
            </vertex>
            <vertex>
                <position y="0.150000" z="-4.999998" x="-4.999997"/>
                <normal y="0.000007" z="-1.000000" x="0.000000"/>
            </vertex>
            <vertex>
                <position y="-0.150000" z="12.492041" x="4.999998"/>
                <normal y="-1.000000" z="-0.000000" x="0.000000"/>
            </vertex>
            <vertex>
                <position y="-0.150000" z="22.492035" x="4.999998"/>
                <normal y="-1.000000" z="-0.000000" x="0.000000"/>
            </vertex>
            <vertex>
                <position y="-0.150000" z="22.492033" x="-4.999998"/>
                <normal y="-1.000000" z="-0.000000" x="0.000000"/>
            </vertex>
            <vertex>
                <position y="-0.150000" z="12.492038" x="-4.999996"/>
                <normal y="-1.000000" z="-0.000000" x="0.000000"/>
            </vertex>
            <vertex>
                <position y="0.150000" z="12.492043" x="5.000000"/>
                <normal y="1.000000" z="0.000000" x="0.000000"/>
            </vertex>
            <vertex>
                <position y="0.150000" z="12.492040" x="-4.999997"/>
                <normal y="1.000000" z="0.000000" x="0.000000"/>
            </vertex>
            <vertex>
                <position y="0.150000" z="22.492031" x="-5.000000"/>
                <normal y="1.000000" z="0.000000" x="0.000000"/>
            </vertex>
            <vertex>
                <position y="0.150000" z="22.492037" x="4.999994"/>
                <normal y="1.000000" z="0.000000" x="0.000000"/>
            </vertex>
            <vertex>
                <position y="-0.150000" z="12.492041" x="4.999998"/>
                <normal y="0.000002" z="0.000000" x="1.000000"/>
            </vertex>
            <vertex>
                <position y="0.150000" z="12.492043" x="5.000000"/>
                <normal y="0.000002" z="0.000000" x="1.000000"/>
            </vertex>
            <vertex>
                <position y="0.150000" z="22.492037" x="4.999994"/>
                <normal y="0.000002" z="0.000000" x="1.000000"/>
            </vertex>
            <vertex>
                <position y="-0.150000" z="22.492035" x="4.999998"/>
                <normal y="0.000002" z="0.000000" x="1.000000"/>
            </vertex>
            <vertex>
                <position y="-0.150000" z="22.492035" x="4.999998"/>
                <normal y="-0.000000" z="1.000000" x="-0.000000"/>
            </vertex>
            <vertex>
                <position y="0.150000" z="22.492037" x="4.999994"/>
                <normal y="-0.000000" z="1.000000" x="-0.000000"/>
            </vertex>
            <vertex>
                <position y="0.150000" z="22.492031" x="-5.000000"/>
                <normal y="-0.000000" z="1.000000" x="-0.000000"/>
            </vertex>
            <vertex>
                <position y="-0.150000" z="22.492033" x="-4.999998"/>
                <normal y="-0.000000" z="1.000000" x="-0.000000"/>
            </vertex>
            <vertex>
                <position y="-0.150000" z="22.492033" x="-4.999998"/>
                <normal y="-0.000005" z="-0.000000" x="-1.000000"/>
            </vertex>
            <vertex>
                <position y="0.150000" z="22.492031" x="-5.000000"/>
                <normal y="-0.000005" z="-0.000000" x="-1.000000"/>
            </vertex>
            <vertex>
                <position y="0.150000" z="12.492040" x="-4.999997"/>
                <normal y="-0.000005" z="-0.000000" x="-1.000000"/>
            </vertex>
            <vertex>
                <position y="-0.150000" z="12.492038" x="-4.999996"/>
                <normal y="-0.000005" z="-0.000000" x="-1.000000"/>
            </vertex>
            <vertex>
                <position y="0.150000" z="12.492043" x="5.000000"/>
                <normal y="0.000006" z="-1.000000" x="0.000000"/>
            </vertex>
            <vertex>
                <position y="-0.150000" z="12.492041" x="4.999998"/>
                <normal y="0.000006" z="-1.000000" x="0.000000"/>
            </vertex>
            <vertex>
                <position y="-0.150000" z="12.492038" x="-4.999996"/>
                <normal y="0.000006" z="-1.000000" x="0.000000"/>
            </vertex>
            <vertex>
                <position y="0.150000" z="12.492040" x="-4.999997"/>
                <normal y="0.000006" z="-1.000000" x="0.000000"/>
            </vertex>
            <vertex>
                <position y="0.150000" z="12.488800" x="-1.750000"/>
                <normal y="0.000000" z="-0.000000" x="-1.000000"/>
            </vertex>
            <vertex>
                <position y="0.150000" z="4.988800" x="-1.750000"/>
                <normal y="0.000000" z="-0.000000" x="-1.000000"/>
            </vertex>
            <vertex>
                <position y="-0.150000" z="4.988800" x="-1.750000"/>
                <normal y="0.000000" z="-0.000000" x="-1.000000"/>
            </vertex>
            <vertex>
                <position y="-0.150000" z="12.488800" x="-1.750000"/>
                <normal y="0.000000" z="-0.000000" x="-1.000000"/>
            </vertex>
            <vertex>
                <position y="0.150000" z="4.988800" x="-1.750000"/>
                <normal y="-0.000000" z="-1.000000" x="0.000000"/>
            </vertex>
            <vertex>
                <position y="0.150000" z="4.988800" x="1.750000"/>
                <normal y="-0.000000" z="-1.000000" x="0.000000"/>
            </vertex>
            <vertex>
                <position y="-0.150000" z="4.988800" x="1.750000"/>
                <normal y="-0.000000" z="-1.000000" x="0.000000"/>
            </vertex>
            <vertex>
                <position y="-0.150000" z="4.988800" x="-1.750000"/>
                <normal y="-0.000000" z="-1.000000" x="0.000000"/>
            </vertex>
            <vertex>
                <position y="0.150000" z="4.988800" x="1.750000"/>
                <normal y="-0.000000" z="-0.000000" x="1.000000"/>
            </vertex>
            <vertex>
                <position y="0.150000" z="12.488800" x="1.750000"/>
                <normal y="-0.000000" z="-0.000000" x="1.000000"/>
            </vertex>
            <vertex>
                <position y="-0.150000" z="12.488800" x="1.750000"/>
                <normal y="-0.000000" z="-0.000000" x="1.000000"/>
            </vertex>
            <vertex>
                <position y="-0.150000" z="4.988800" x="1.750000"/>
                <normal y="-0.000000" z="-0.000000" x="1.000000"/>
            </vertex>
            <vertex>
                <position y="0.150000" z="12.488800" x="1.750000"/>
                <normal y="0.000000" z="1.000000" x="0.000000"/>
            </vertex>
            <vertex>
                <position y="0.150000" z="12.488800" x="-1.750000"/>
                <normal y="0.000000" z="1.000000" x="0.000000"/>
            </vertex>
            <vertex>
                <position y="-0.150000" z="12.488800" x="-1.750000"/>
                <normal y="0.000000" z="1.000000" x="0.000000"/>
            </vertex>
            <vertex>
                <position y="-0.150000" z="12.488800" x="1.750000"/>
                <normal y="0.000000" z="1.000000" x="0.000000"/>
            </vertex>
            <vertex>
                <position y="-0.150000" z="12.488800" x="-1.750000"/>
                <normal y="-1.000000" z="-0.000000" x="-0.000000"/>
            </vertex>
            <vertex>
                <position y="-0.150000" z="4.988800" x="-1.750000"/>
                <normal y="-1.000000" z="-0.000000" x="-0.000000"/>
            </vertex>
            <vertex>
                <position y="-0.150000" z="4.988800" x="1.750000"/>
                <normal y="-1.000000" z="-0.000000" x="-0.000000"/>
            </vertex>
            <vertex>
                <position y="-0.150000" z="12.488800" x="1.750000"/>
                <normal y="-1.000000" z="-0.000000" x="-0.000000"/>
            </vertex>
            <vertex>
                <position y="0.150000" z="12.488800" x="1.750000"/>
                <normal y="1.000000" z="-0.000000" x="-0.000000"/>
            </vertex>
            <vertex>
                <position y="0.150000" z="4.988800" x="1.750000"/>
                <normal y="1.000000" z="-0.000000" x="-0.000000"/>
            </vertex>
            <vertex>
                <position y="0.150000" z="4.988800" x="-1.750000"/>
                <normal y="1.000000" z="-0.000000" x="-0.000000"/>
            </vertex>
            <vertex>
                <position y="0.150000" z="12.488800" x="-1.750000"/>
                <normal y="1.000000" z="-0.000000" x="-0.000000"/>
            </vertex>
        </vertexbuffer>
    </sharedgeometry>
    <submeshes>
        <submesh material="Level" usesharedvertices="true" operationtype="triangle_list" use32bitindexes="False">
            <faces count="36">
                <face v1="0" v2="1" v3="2"/>
                <face v1="0" v2="2" v3="3"/>
                <face v1="4" v2="5" v3="6"/>
                <face v1="4" v2="6" v3="7"/>
                <face v1="8" v2="9" v3="10"/>
                <face v1="8" v2="10" v3="11"/>
                <face v1="12" v2="13" v3="14"/>
                <face v1="12" v2="14" v3="15"/>
                <face v1="16" v2="17" v3="18"/>
                <face v1="16" v2="18" v3="19"/>
                <face v1="20" v2="21" v3="22"/>
                <face v1="20" v2="22" v3="23"/>
                <face v1="24" v2="25" v3="26"/>
                <face v1="24" v2="26" v3="27"/>
                <face v1="28" v2="29" v3="30"/>
                <face v1="28" v2="30" v3="31"/>
                <face v1="32" v2="33" v3="34"/>
                <face v1="32" v2="34" v3="35"/>
                <face v1="36" v2="37" v3="38"/>
                <face v1="36" v2="38" v3="39"/>
                <face v1="40" v2="41" v3="42"/>
                <face v1="40" v2="42" v3="43"/>
                <face v1="44" v2="45" v3="46"/>
                <face v1="44" v2="46" v3="47"/>
                <face v1="48" v2="49" v3="50"/>
                <face v1="48" v2="50" v3="51"/>
                <face v1="52" v2="53" v3="54"/>
                <face v1="52" v2="54" v3="55"/>
                <face v1="56" v2="57" v3="58"/>
                <face v1="56" v2="58" v3="59"/>
                <face v1="60" v2="61" v3="62"/>
                <face v1="60" v2="62" v3="63"/>
                <face v1="64" v2="65" v3="66"/>
                <face v1="64" v2="66" v3="67"/>
                <face v1="68" v2="69" v3="70"/>
                <face v1="68" v2="70" v3="71"/>
            </faces>
        </submesh>
    </submeshes>
    <submeshnames>
        <submesh name="Level" index="0">
        </submesh>
    </submeshnames>
</mesh>