<?xml version="1.0" encoding="UTF-8"?>
<mesh>
    <sharedgeometry vertexcount="72">
        <vertexbuffer normals="true" colours_diffuse="False" positions="true" texture_coords="0">
            <vertex>
                <position x="-5.000000" z="-5.000000" y="-0.125000"/>
                <normal x="-1.000000" z="-0.000000" y="-0.000000"/>
            </vertex>
            <vertex>
                <position x="-5.000000" z="5.000000" y="-0.125000"/>
                <normal x="-1.000000" z="-0.000000" y="-0.000000"/>
            </vertex>
            <vertex>
                <position x="-5.000000" z="5.000000" y="0.125000"/>
                <normal x="-1.000000" z="-0.000000" y="-0.000000"/>
            </vertex>
            <vertex>
                <position x="-5.000000" z="-5.000000" y="0.125000"/>
                <normal x="-1.000000" z="-0.000000" y="-0.000000"/>
            </vertex>
            <vertex>
                <position x="-5.000000" z="-5.000000" y="0.125000"/>
                <normal x="0.000000" z="-1.000000" y="-0.000000"/>
            </vertex>
            <vertex>
                <position x="5.000000" z="-5.000000" y="0.125000"/>
                <normal x="0.000000" z="-1.000000" y="-0.000000"/>
            </vertex>
            <vertex>
                <position x="5.000000" z="-5.000000" y="-0.125000"/>
                <normal x="0.000000" z="-1.000000" y="-0.000000"/>
            </vertex>
            <vertex>
                <position x="-5.000000" z="-5.000000" y="-0.125000"/>
                <normal x="0.000000" z="-1.000000" y="-0.000000"/>
            </vertex>
            <vertex>
                <position x="5.000000" z="-5.000000" y="0.125000"/>
                <normal x="1.000000" z="-0.000000" y="-0.000000"/>
            </vertex>
            <vertex>
                <position x="5.000000" z="5.000000" y="0.125000"/>
                <normal x="1.000000" z="-0.000000" y="-0.000000"/>
            </vertex>
            <vertex>
                <position x="5.000000" z="5.000000" y="-0.125000"/>
                <normal x="1.000000" z="-0.000000" y="-0.000000"/>
            </vertex>
            <vertex>
                <position x="5.000000" z="-5.000000" y="-0.125000"/>
                <normal x="1.000000" z="-0.000000" y="-0.000000"/>
            </vertex>
            <vertex>
                <position x="-5.000000" z="5.000000" y="-0.125000"/>
                <normal x="0.000000" z="1.000000" y="-0.000000"/>
            </vertex>
            <vertex>
                <position x="5.000000" z="5.000000" y="-0.125000"/>
                <normal x="0.000000" z="1.000000" y="-0.000000"/>
            </vertex>
            <vertex>
                <position x="5.000000" z="5.000000" y="0.125000"/>
                <normal x="0.000000" z="1.000000" y="-0.000000"/>
            </vertex>
            <vertex>
                <position x="-5.000000" z="5.000000" y="0.125000"/>
                <normal x="0.000000" z="1.000000" y="-0.000000"/>
            </vertex>
            <vertex>
                <position x="-5.000000" z="5.000000" y="-0.125000"/>
                <normal x="-0.000000" z="-0.000000" y="-1.000000"/>
            </vertex>
            <vertex>
                <position x="-5.000000" z="-5.000000" y="-0.125000"/>
                <normal x="-0.000000" z="-0.000000" y="-1.000000"/>
            </vertex>
            <vertex>
                <position x="5.000000" z="-5.000000" y="-0.125000"/>
                <normal x="-0.000000" z="-0.000000" y="-1.000000"/>
            </vertex>
            <vertex>
                <position x="5.000000" z="5.000000" y="-0.125000"/>
                <normal x="-0.000000" z="-0.000000" y="-1.000000"/>
            </vertex>
            <vertex>
                <position x="5.000000" z="5.000000" y="0.125000"/>
                <normal x="-0.000000" z="-0.000000" y="1.000000"/>
            </vertex>
            <vertex>
                <position x="5.000000" z="-5.000000" y="0.125000"/>
                <normal x="-0.000000" z="-0.000000" y="1.000000"/>
            </vertex>
            <vertex>
                <position x="-5.000000" z="-5.000000" y="0.125000"/>
                <normal x="-0.000000" z="-0.000000" y="1.000000"/>
            </vertex>
            <vertex>
                <position x="-5.000000" z="5.000000" y="0.125000"/>
                <normal x="-0.000000" z="-0.000000" y="1.000000"/>
            </vertex>
            <vertex>
                <position x="-2.000000" z="15.000000" y="0.125000"/>
                <normal x="-1.000000" z="-0.000000" y="0.000000"/>
            </vertex>
            <vertex>
                <position x="-2.000000" z="5.000000" y="0.125000"/>
                <normal x="-1.000000" z="-0.000000" y="0.000000"/>
            </vertex>
            <vertex>
                <position x="-2.000000" z="5.000000" y="-0.125000"/>
                <normal x="-1.000000" z="-0.000000" y="0.000000"/>
            </vertex>
            <vertex>
                <position x="-2.000000" z="15.000000" y="-0.125000"/>
                <normal x="-1.000000" z="-0.000000" y="0.000000"/>
            </vertex>
            <vertex>
                <position x="-2.000000" z="5.000000" y="0.125000"/>
                <normal x="0.000000" z="-1.000000" y="-0.000000"/>
            </vertex>
            <vertex>
                <position x="2.000000" z="5.000000" y="0.125000"/>
                <normal x="0.000000" z="-1.000000" y="-0.000000"/>
            </vertex>
            <vertex>
                <position x="2.000000" z="5.000000" y="-0.125000"/>
                <normal x="0.000000" z="-1.000000" y="-0.000000"/>
            </vertex>
            <vertex>
                <position x="-2.000000" z="5.000000" y="-0.125000"/>
                <normal x="0.000000" z="-1.000000" y="-0.000000"/>
            </vertex>
            <vertex>
                <position x="2.000000" z="5.000000" y="0.125000"/>
                <normal x="1.000000" z="-0.000000" y="-0.000000"/>
            </vertex>
            <vertex>
                <position x="2.000000" z="15.000000" y="0.125000"/>
                <normal x="1.000000" z="-0.000000" y="-0.000000"/>
            </vertex>
            <vertex>
                <position x="2.000000" z="15.000000" y="-0.125000"/>
                <normal x="1.000000" z="-0.000000" y="-0.000000"/>
            </vertex>
            <vertex>
                <position x="2.000000" z="5.000000" y="-0.125000"/>
                <normal x="1.000000" z="-0.000000" y="-0.000000"/>
            </vertex>
            <vertex>
                <position x="2.000000" z="15.000000" y="0.125000"/>
                <normal x="0.000000" z="1.000000" y="0.000000"/>
            </vertex>
            <vertex>
                <position x="-2.000000" z="15.000000" y="0.125000"/>
                <normal x="0.000000" z="1.000000" y="0.000000"/>
            </vertex>
            <vertex>
                <position x="-2.000000" z="15.000000" y="-0.125000"/>
                <normal x="0.000000" z="1.000000" y="0.000000"/>
            </vertex>
            <vertex>
                <position x="2.000000" z="15.000000" y="-0.125000"/>
                <normal x="0.000000" z="1.000000" y="0.000000"/>
            </vertex>
            <vertex>
                <position x="-2.000000" z="15.000000" y="-0.125000"/>
                <normal x="-0.000000" z="-0.000000" y="-1.000000"/>
            </vertex>
            <vertex>
                <position x="-2.000000" z="5.000000" y="-0.125000"/>
                <normal x="-0.000000" z="-0.000000" y="-1.000000"/>
            </vertex>
            <vertex>
                <position x="2.000000" z="5.000000" y="-0.125000"/>
                <normal x="-0.000000" z="-0.000000" y="-1.000000"/>
            </vertex>
            <vertex>
                <position x="2.000000" z="15.000000" y="-0.125000"/>
                <normal x="-0.000000" z="-0.000000" y="-1.000000"/>
            </vertex>
            <vertex>
                <position x="2.000000" z="15.000000" y="0.125000"/>
                <normal x="-0.000000" z="-0.000000" y="1.000000"/>
            </vertex>
            <vertex>
                <position x="2.000000" z="5.000000" y="0.125000"/>
                <normal x="-0.000000" z="-0.000000" y="1.000000"/>
            </vertex>
            <vertex>
                <position x="-2.000000" z="5.000000" y="0.125000"/>
                <normal x="-0.000000" z="-0.000000" y="1.000000"/>
            </vertex>
            <vertex>
                <position x="-2.000000" z="15.000000" y="0.125000"/>
                <normal x="-0.000000" z="-0.000000" y="1.000000"/>
            </vertex>
            <vertex>
                <position x="-5.000000" z="25.000000" y="0.125000"/>
                <normal x="-1.000000" z="-0.000000" y="0.000000"/>
            </vertex>
            <vertex>
                <position x="-5.000000" z="15.000000" y="0.125000"/>
                <normal x="-1.000000" z="-0.000000" y="0.000000"/>
            </vertex>
            <vertex>
                <position x="-5.000000" z="15.000000" y="-0.125000"/>
                <normal x="-1.000000" z="-0.000000" y="0.000000"/>
            </vertex>
            <vertex>
                <position x="-5.000000" z="25.000000" y="-0.125000"/>
                <normal x="-1.000000" z="-0.000000" y="0.000000"/>
            </vertex>
            <vertex>
                <position x="-5.000000" z="15.000000" y="0.125000"/>
                <normal x="0.000000" z="-1.000000" y="-0.000000"/>
            </vertex>
            <vertex>
                <position x="5.000000" z="15.000000" y="0.125000"/>
                <normal x="0.000000" z="-1.000000" y="-0.000000"/>
            </vertex>
            <vertex>
                <position x="5.000000" z="15.000000" y="-0.125000"/>
                <normal x="0.000000" z="-1.000000" y="-0.000000"/>
            </vertex>
            <vertex>
                <position x="-5.000000" z="15.000000" y="-0.125000"/>
                <normal x="0.000000" z="-1.000000" y="-0.000000"/>
            </vertex>
            <vertex>
                <position x="5.000000" z="15.000000" y="0.125000"/>
                <normal x="1.000000" z="-0.000000" y="-0.000000"/>
            </vertex>
            <vertex>
                <position x="5.000000" z="25.000000" y="0.125000"/>
                <normal x="1.000000" z="-0.000000" y="-0.000000"/>
            </vertex>
            <vertex>
                <position x="5.000000" z="25.000000" y="-0.125000"/>
                <normal x="1.000000" z="-0.000000" y="-0.000000"/>
            </vertex>
            <vertex>
                <position x="5.000000" z="15.000000" y="-0.125000"/>
                <normal x="1.000000" z="-0.000000" y="-0.000000"/>
            </vertex>
            <vertex>
                <position x="5.000000" z="25.000000" y="0.125000"/>
                <normal x="0.000000" z="1.000000" y="0.000000"/>
            </vertex>
            <vertex>
                <position x="-5.000000" z="25.000000" y="0.125000"/>
                <normal x="0.000000" z="1.000000" y="0.000000"/>
            </vertex>
            <vertex>
                <position x="-5.000000" z="25.000000" y="-0.125000"/>
                <normal x="0.000000" z="1.000000" y="0.000000"/>
            </vertex>
            <vertex>
                <position x="5.000000" z="25.000000" y="-0.125000"/>
                <normal x="0.000000" z="1.000000" y="0.000000"/>
            </vertex>
            <vertex>
                <position x="-5.000000" z="25.000000" y="-0.125000"/>
                <normal x="-0.000000" z="-0.000000" y="-1.000000"/>
            </vertex>
            <vertex>
                <position x="-5.000000" z="15.000000" y="-0.125000"/>
                <normal x="-0.000000" z="-0.000000" y="-1.000000"/>
            </vertex>
            <vertex>
                <position x="5.000000" z="15.000000" y="-0.125000"/>
                <normal x="-0.000000" z="-0.000000" y="-1.000000"/>
            </vertex>
            <vertex>
                <position x="5.000000" z="25.000000" y="-0.125000"/>
                <normal x="-0.000000" z="-0.000000" y="-1.000000"/>
            </vertex>
            <vertex>
                <position x="5.000000" z="25.000000" y="0.125000"/>
                <normal x="-0.000000" z="-0.000000" y="1.000000"/>
            </vertex>
            <vertex>
                <position x="5.000000" z="15.000000" y="0.125000"/>
                <normal x="-0.000000" z="-0.000000" y="1.000000"/>
            </vertex>
            <vertex>
                <position x="-5.000000" z="15.000000" y="0.125000"/>
                <normal x="-0.000000" z="-0.000000" y="1.000000"/>
            </vertex>
            <vertex>
                <position x="-5.000000" z="25.000000" y="0.125000"/>
                <normal x="-0.000000" z="-0.000000" y="1.000000"/>
            </vertex>
        </vertexbuffer>
    </sharedgeometry>
    <submeshes>
        <submesh usesharedvertices="true" use32bitindexes="False" material="Level" operationtype="triangle_list">
            <faces count="36">
                <face v2="1" v3="2" v1="0"/>
                <face v2="2" v3="3" v1="0"/>
                <face v2="5" v3="6" v1="4"/>
                <face v2="6" v3="7" v1="4"/>
                <face v2="9" v3="10" v1="8"/>
                <face v2="10" v3="11" v1="8"/>
                <face v2="13" v3="14" v1="12"/>
                <face v2="14" v3="15" v1="12"/>
                <face v2="17" v3="18" v1="16"/>
                <face v2="18" v3="19" v1="16"/>
                <face v2="21" v3="22" v1="20"/>
                <face v2="22" v3="23" v1="20"/>
                <face v2="25" v3="26" v1="24"/>
                <face v2="26" v3="27" v1="24"/>
                <face v2="29" v3="30" v1="28"/>
                <face v2="30" v3="31" v1="28"/>
                <face v2="33" v3="34" v1="32"/>
                <face v2="34" v3="35" v1="32"/>
                <face v2="37" v3="38" v1="36"/>
                <face v2="38" v3="39" v1="36"/>
                <face v2="41" v3="42" v1="40"/>
                <face v2="42" v3="43" v1="40"/>
                <face v2="45" v3="46" v1="44"/>
                <face v2="46" v3="47" v1="44"/>
                <face v2="49" v3="50" v1="48"/>
                <face v2="50" v3="51" v1="48"/>
                <face v2="53" v3="54" v1="52"/>
                <face v2="54" v3="55" v1="52"/>
                <face v2="57" v3="58" v1="56"/>
                <face v2="58" v3="59" v1="56"/>
                <face v2="61" v3="62" v1="60"/>
                <face v2="62" v3="63" v1="60"/>
                <face v2="65" v3="66" v1="64"/>
                <face v2="66" v3="67" v1="64"/>
                <face v2="69" v3="70" v1="68"/>
                <face v2="70" v3="71" v1="68"/>
            </faces>
        </submesh>
    </submeshes>
    <submeshnames>
        <submesh index="0" name="Level">
        </submesh>
    </submeshnames>
</mesh>