<?xml version="1.0" encoding="UTF-8"?>
<mesh>
    <sharedgeometry vertexcount="288">
        <vertexbuffer positions="true" texture_coords="1" colours_diffuse="False" normals="true">
            <vertex>
                <position z="-1.000000" y="0.000000" x="2.500000"/>
                <normal z="0.995185" y="-0.098017" x="0.000000"/>
                <texcoord v="1.000000" u="0.000000"/>
            </vertex>
            <vertex>
                <position z="-0.980785" y="0.195091" x="2.500000"/>
                <normal z="0.995185" y="-0.098017" x="0.000000"/>
                <texcoord v="1.000000" u="0.000000"/>
            </vertex>
            <vertex>
                <position z="-0.980785" y="0.195090" x="-2.500000"/>
                <normal z="0.995185" y="-0.098017" x="0.000000"/>
                <texcoord v="1.000000" u="0.000000"/>
            </vertex>
            <vertex>
                <position z="-1.000000" y="-0.000000" x="-2.500000"/>
                <normal z="0.995185" y="-0.098017" x="0.000000"/>
                <texcoord v="1.000000" u="0.000000"/>
            </vertex>
            <vertex>
                <position z="-0.980785" y="0.195091" x="2.500000"/>
                <normal z="0.956940" y="-0.290285" x="0.000000"/>
                <texcoord v="1.000000" u="0.000000"/>
            </vertex>
            <vertex>
                <position z="-0.923880" y="0.382684" x="2.500000"/>
                <normal z="0.956940" y="-0.290285" x="0.000000"/>
                <texcoord v="1.000000" u="0.000000"/>
            </vertex>
            <vertex>
                <position z="-0.923880" y="0.382683" x="-2.500000"/>
                <normal z="0.956940" y="-0.290285" x="0.000000"/>
                <texcoord v="1.000000" u="0.000000"/>
            </vertex>
            <vertex>
                <position z="-0.980785" y="0.195090" x="-2.500000"/>
                <normal z="0.956940" y="-0.290285" x="0.000000"/>
                <texcoord v="1.000000" u="0.000000"/>
            </vertex>
            <vertex>
                <position z="-0.923880" y="0.382684" x="2.500000"/>
                <normal z="0.881921" y="-0.471397" x="0.000000"/>
                <texcoord v="1.000000" u="0.000000"/>
            </vertex>
            <vertex>
                <position z="-0.831470" y="0.555571" x="2.500000"/>
                <normal z="0.881921" y="-0.471397" x="0.000000"/>
                <texcoord v="1.000000" u="0.000000"/>
            </vertex>
            <vertex>
                <position z="-0.831470" y="0.555570" x="-2.500000"/>
                <normal z="0.881921" y="-0.471397" x="0.000000"/>
                <texcoord v="1.000000" u="0.000000"/>
            </vertex>
            <vertex>
                <position z="-0.923880" y="0.382683" x="-2.500000"/>
                <normal z="0.881921" y="-0.471397" x="0.000000"/>
                <texcoord v="1.000000" u="0.000000"/>
            </vertex>
            <vertex>
                <position z="-0.831470" y="0.555571" x="2.500000"/>
                <normal z="0.773010" y="-0.634393" x="0.000000"/>
                <texcoord v="1.000000" u="0.000000"/>
            </vertex>
            <vertex>
                <position z="-0.707107" y="0.707107" x="2.500000"/>
                <normal z="0.773010" y="-0.634393" x="0.000000"/>
                <texcoord v="1.000000" u="0.000000"/>
            </vertex>
            <vertex>
                <position z="-0.707107" y="0.707106" x="-2.500000"/>
                <normal z="0.773010" y="-0.634393" x="0.000000"/>
                <texcoord v="1.000000" u="0.000000"/>
            </vertex>
            <vertex>
                <position z="-0.831470" y="0.555570" x="-2.500000"/>
                <normal z="0.773010" y="-0.634393" x="0.000000"/>
                <texcoord v="1.000000" u="0.000000"/>
            </vertex>
            <vertex>
                <position z="-0.707107" y="0.707107" x="2.500000"/>
                <normal z="0.634393" y="-0.773010" x="0.000000"/>
                <texcoord v="1.000000" u="0.000000"/>
            </vertex>
            <vertex>
                <position z="-0.555570" y="0.831470" x="2.499999"/>
                <normal z="0.634393" y="-0.773010" x="0.000000"/>
                <texcoord v="1.000000" u="0.000000"/>
            </vertex>
            <vertex>
                <position z="-0.555570" y="0.831469" x="-2.500000"/>
                <normal z="0.634393" y="-0.773010" x="0.000000"/>
                <texcoord v="1.000000" u="0.000000"/>
            </vertex>
            <vertex>
                <position z="-0.707107" y="0.707106" x="-2.500000"/>
                <normal z="0.634393" y="-0.773010" x="0.000000"/>
                <texcoord v="1.000000" u="0.000000"/>
            </vertex>
            <vertex>
                <position z="-0.555570" y="0.831470" x="2.499999"/>
                <normal z="0.471397" y="-0.881921" x="0.000000"/>
                <texcoord v="1.000000" u="0.000000"/>
            </vertex>
            <vertex>
                <position z="-0.382683" y="0.923880" x="2.499999"/>
                <normal z="0.471397" y="-0.881921" x="0.000000"/>
                <texcoord v="1.000000" u="0.000000"/>
            </vertex>
            <vertex>
                <position z="-0.382683" y="0.923879" x="-2.500000"/>
                <normal z="0.471397" y="-0.881921" x="0.000000"/>
                <texcoord v="1.000000" u="0.000000"/>
            </vertex>
            <vertex>
                <position z="-0.555570" y="0.831469" x="-2.500000"/>
                <normal z="0.471397" y="-0.881921" x="0.000000"/>
                <texcoord v="1.000000" u="0.000000"/>
            </vertex>
            <vertex>
                <position z="-0.382683" y="0.923880" x="2.499999"/>
                <normal z="0.290285" y="-0.956940" x="0.000000"/>
                <texcoord v="1.000000" u="0.000000"/>
            </vertex>
            <vertex>
                <position z="-0.195090" y="0.980786" x="2.499999"/>
                <normal z="0.290285" y="-0.956940" x="0.000000"/>
                <texcoord v="1.000000" u="0.000000"/>
            </vertex>
            <vertex>
                <position z="-0.195090" y="0.980785" x="-2.500000"/>
                <normal z="0.290285" y="-0.956940" x="0.000000"/>
                <texcoord v="1.000000" u="0.000000"/>
            </vertex>
            <vertex>
                <position z="-0.382683" y="0.923879" x="-2.500000"/>
                <normal z="0.290285" y="-0.956940" x="0.000000"/>
                <texcoord v="1.000000" u="0.000000"/>
            </vertex>
            <vertex>
                <position z="-0.195090" y="0.980786" x="2.499999"/>
                <normal z="0.098017" y="-0.995185" x="0.000000"/>
                <texcoord v="1.000000" u="0.000000"/>
            </vertex>
            <vertex>
                <position z="-0.000000" y="1.000000" x="2.499999"/>
                <normal z="0.098017" y="-0.995185" x="0.000000"/>
                <texcoord v="1.000000" u="0.000000"/>
            </vertex>
            <vertex>
                <position z="-0.000000" y="1.000000" x="-2.500000"/>
                <normal z="0.098017" y="-0.995185" x="0.000000"/>
                <texcoord v="1.000000" u="0.000000"/>
            </vertex>
            <vertex>
                <position z="-0.195090" y="0.980785" x="-2.500000"/>
                <normal z="0.098017" y="-0.995185" x="0.000000"/>
                <texcoord v="1.000000" u="0.000000"/>
            </vertex>
            <vertex>
                <position z="-0.000000" y="1.000000" x="2.499999"/>
                <normal z="-0.098017" y="-0.995185" x="0.000000"/>
                <texcoord v="1.000000" u="0.000000"/>
            </vertex>
            <vertex>
                <position z="0.195090" y="0.980786" x="2.499999"/>
                <normal z="-0.098017" y="-0.995185" x="0.000000"/>
                <texcoord v="1.000000" u="0.000000"/>
            </vertex>
            <vertex>
                <position z="0.195090" y="0.980785" x="-2.500000"/>
                <normal z="-0.098017" y="-0.995185" x="0.000000"/>
                <texcoord v="1.000000" u="0.000000"/>
            </vertex>
            <vertex>
                <position z="-0.000000" y="1.000000" x="-2.500000"/>
                <normal z="-0.098017" y="-0.995185" x="0.000000"/>
                <texcoord v="1.000000" u="0.000000"/>
            </vertex>
            <vertex>
                <position z="0.195090" y="0.980786" x="2.499999"/>
                <normal z="-0.290285" y="-0.956940" x="0.000000"/>
                <texcoord v="1.000000" u="0.000000"/>
            </vertex>
            <vertex>
                <position z="0.382683" y="0.923880" x="2.499999"/>
                <normal z="-0.290285" y="-0.956940" x="0.000000"/>
                <texcoord v="1.000000" u="0.000000"/>
            </vertex>
            <vertex>
                <position z="0.382683" y="0.923879" x="-2.500000"/>
                <normal z="-0.290285" y="-0.956940" x="0.000000"/>
                <texcoord v="1.000000" u="0.000000"/>
            </vertex>
            <vertex>
                <position z="0.195090" y="0.980785" x="-2.500000"/>
                <normal z="-0.290285" y="-0.956940" x="0.000000"/>
                <texcoord v="1.000000" u="0.000000"/>
            </vertex>
            <vertex>
                <position z="0.382683" y="0.923880" x="2.499999"/>
                <normal z="-0.471396" y="-0.881921" x="0.000000"/>
                <texcoord v="1.000000" u="0.000000"/>
            </vertex>
            <vertex>
                <position z="0.555570" y="0.831470" x="2.499999"/>
                <normal z="-0.471396" y="-0.881921" x="0.000000"/>
                <texcoord v="1.000000" u="0.000000"/>
            </vertex>
            <vertex>
                <position z="0.555570" y="0.831469" x="-2.500000"/>
                <normal z="-0.471396" y="-0.881921" x="0.000000"/>
                <texcoord v="1.000000" u="0.000000"/>
            </vertex>
            <vertex>
                <position z="0.382683" y="0.923879" x="-2.500000"/>
                <normal z="-0.471396" y="-0.881921" x="0.000000"/>
                <texcoord v="1.000000" u="0.000000"/>
            </vertex>
            <vertex>
                <position z="0.555570" y="0.831470" x="2.499999"/>
                <normal z="-0.634393" y="-0.773010" x="0.000000"/>
                <texcoord v="1.000000" u="0.000000"/>
            </vertex>
            <vertex>
                <position z="0.707107" y="0.707107" x="2.500000"/>
                <normal z="-0.634393" y="-0.773010" x="0.000000"/>
                <texcoord v="1.000000" u="0.000000"/>
            </vertex>
            <vertex>
                <position z="0.707107" y="0.707106" x="-2.500000"/>
                <normal z="-0.634393" y="-0.773010" x="0.000000"/>
                <texcoord v="1.000000" u="0.000000"/>
            </vertex>
            <vertex>
                <position z="0.555570" y="0.831469" x="-2.500000"/>
                <normal z="-0.634393" y="-0.773010" x="0.000000"/>
                <texcoord v="1.000000" u="0.000000"/>
            </vertex>
            <vertex>
                <position z="0.707107" y="0.707107" x="2.500000"/>
                <normal z="-0.773010" y="-0.634393" x="0.000000"/>
                <texcoord v="1.000000" u="0.000000"/>
            </vertex>
            <vertex>
                <position z="0.831470" y="0.555571" x="2.500000"/>
                <normal z="-0.773010" y="-0.634393" x="0.000000"/>
                <texcoord v="1.000000" u="0.000000"/>
            </vertex>
            <vertex>
                <position z="0.831470" y="0.555570" x="-2.500000"/>
                <normal z="-0.773010" y="-0.634393" x="0.000000"/>
                <texcoord v="1.000000" u="0.000000"/>
            </vertex>
            <vertex>
                <position z="0.707107" y="0.707106" x="-2.500000"/>
                <normal z="-0.773010" y="-0.634393" x="0.000000"/>
                <texcoord v="1.000000" u="0.000000"/>
            </vertex>
            <vertex>
                <position z="0.831470" y="0.555571" x="2.500000"/>
                <normal z="-0.881921" y="-0.471397" x="0.000000"/>
                <texcoord v="1.000000" u="0.000000"/>
            </vertex>
            <vertex>
                <position z="0.923880" y="0.382684" x="2.500000"/>
                <normal z="-0.881921" y="-0.471397" x="0.000000"/>
                <texcoord v="1.000000" u="0.000000"/>
            </vertex>
            <vertex>
                <position z="0.923880" y="0.382683" x="-2.500000"/>
                <normal z="-0.881921" y="-0.471397" x="0.000000"/>
                <texcoord v="1.000000" u="0.000000"/>
            </vertex>
            <vertex>
                <position z="0.831470" y="0.555570" x="-2.500000"/>
                <normal z="-0.881921" y="-0.471397" x="0.000000"/>
                <texcoord v="1.000000" u="0.000000"/>
            </vertex>
            <vertex>
                <position z="0.923880" y="0.382684" x="2.500000"/>
                <normal z="-0.956940" y="-0.290284" x="0.000000"/>
                <texcoord v="1.000000" u="0.000000"/>
            </vertex>
            <vertex>
                <position z="0.980785" y="0.195091" x="2.500000"/>
                <normal z="-0.956940" y="-0.290284" x="0.000000"/>
                <texcoord v="1.000000" u="0.000000"/>
            </vertex>
            <vertex>
                <position z="0.980785" y="0.195090" x="-2.500000"/>
                <normal z="-0.956940" y="-0.290284" x="0.000000"/>
                <texcoord v="1.000000" u="0.000000"/>
            </vertex>
            <vertex>
                <position z="0.923880" y="0.382683" x="-2.500000"/>
                <normal z="-0.956940" y="-0.290284" x="0.000000"/>
                <texcoord v="1.000000" u="0.000000"/>
            </vertex>
            <vertex>
                <position z="0.980785" y="0.195091" x="2.500000"/>
                <normal z="-0.995185" y="-0.098017" x="0.000000"/>
                <texcoord v="1.000000" u="0.000000"/>
            </vertex>
            <vertex>
                <position z="1.000000" y="0.000000" x="2.500000"/>
                <normal z="-0.995185" y="-0.098017" x="0.000000"/>
                <texcoord v="1.000000" u="0.000000"/>
            </vertex>
            <vertex>
                <position z="1.000000" y="-0.000001" x="-2.500000"/>
                <normal z="-0.995185" y="-0.098017" x="0.000000"/>
                <texcoord v="1.000000" u="0.000000"/>
            </vertex>
            <vertex>
                <position z="0.980785" y="0.195090" x="-2.500000"/>
                <normal z="-0.995185" y="-0.098017" x="0.000000"/>
                <texcoord v="1.000000" u="0.000000"/>
            </vertex>
            <vertex>
                <position z="1.000000" y="0.000000" x="2.500000"/>
                <normal z="-0.995185" y="0.098018" x="-0.000000"/>
                <texcoord v="1.000000" u="0.000000"/>
            </vertex>
            <vertex>
                <position z="0.980785" y="-0.195090" x="2.500000"/>
                <normal z="-0.995185" y="0.098018" x="-0.000000"/>
                <texcoord v="1.000000" u="0.000000"/>
            </vertex>
            <vertex>
                <position z="0.980785" y="-0.195091" x="-2.500000"/>
                <normal z="-0.995185" y="0.098018" x="-0.000000"/>
                <texcoord v="1.000000" u="0.000000"/>
            </vertex>
            <vertex>
                <position z="1.000000" y="-0.000001" x="-2.500000"/>
                <normal z="-0.995185" y="0.098018" x="-0.000000"/>
                <texcoord v="1.000000" u="0.000000"/>
            </vertex>
            <vertex>
                <position z="-0.980786" y="-0.195088" x="2.500000"/>
                <normal z="0.995185" y="0.098017" x="-0.000000"/>
                <texcoord v="1.000000" u="0.000000"/>
            </vertex>
            <vertex>
                <position z="-1.000000" y="0.000000" x="2.500000"/>
                <normal z="0.995185" y="0.098017" x="-0.000000"/>
                <texcoord v="1.000000" u="0.000000"/>
            </vertex>
            <vertex>
                <position z="-1.000000" y="-0.000000" x="-2.500000"/>
                <normal z="0.995185" y="0.098017" x="-0.000000"/>
                <texcoord v="1.000000" u="0.000000"/>
            </vertex>
            <vertex>
                <position z="-0.980786" y="-0.195089" x="-2.500000"/>
                <normal z="0.995185" y="0.098017" x="-0.000000"/>
                <texcoord v="1.000000" u="0.000000"/>
            </vertex>
            <vertex>
                <position z="-1.000000" y="-0.199145" x="2.500000"/>
                <normal z="-0.995185" y="0.098017" x="-0.000000"/>
                <texcoord v="0.333506" u="0.999915"/>
            </vertex>
            <vertex>
                <position z="-1.000000" y="-0.199146" x="-2.500000"/>
                <normal z="-0.995185" y="0.098017" x="-0.000000"/>
                <texcoord v="0.333510" u="0.000084"/>
            </vertex>
            <vertex>
                <position z="-0.980785" y="-0.004056" x="-2.500000"/>
                <normal z="-0.995185" y="0.098017" x="-0.000000"/>
                <texcoord v="0.372710" u="0.000084"/>
            </vertex>
            <vertex>
                <position z="-0.980785" y="-0.004055" x="2.500000"/>
                <normal z="-0.995185" y="0.098017" x="-0.000000"/>
                <texcoord v="0.372708" u="0.999915"/>
            </vertex>
            <vertex>
                <position z="-0.980785" y="-0.004055" x="2.500000"/>
                <normal z="-0.956940" y="0.290285" x="-0.000000"/>
                <texcoord v="0.372708" u="0.999915"/>
            </vertex>
            <vertex>
                <position z="-0.980785" y="-0.004056" x="-2.500000"/>
                <normal z="-0.956940" y="0.290285" x="-0.000000"/>
                <texcoord v="0.372710" u="0.000084"/>
            </vertex>
            <vertex>
                <position z="-0.923880" y="0.183538" x="-2.500000"/>
                <normal z="-0.956940" y="0.290285" x="-0.000000"/>
                <texcoord v="0.411911" u="0.000084"/>
            </vertex>
            <vertex>
                <position z="-0.923880" y="0.183539" x="2.500000"/>
                <normal z="-0.956940" y="0.290285" x="-0.000000"/>
                <texcoord v="0.411908" u="0.999915"/>
            </vertex>
            <vertex>
                <position z="-0.923880" y="0.183539" x="2.500000"/>
                <normal z="-0.881921" y="0.471397" x="-0.000000"/>
                <texcoord v="0.411908" u="0.999915"/>
            </vertex>
            <vertex>
                <position z="-0.923880" y="0.183538" x="-2.500000"/>
                <normal z="-0.881921" y="0.471397" x="-0.000000"/>
                <texcoord v="0.411911" u="0.000084"/>
            </vertex>
            <vertex>
                <position z="-0.831470" y="0.356424" x="-2.500000"/>
                <normal z="-0.881921" y="0.471397" x="-0.000000"/>
                <texcoord v="0.451111" u="0.000085"/>
            </vertex>
            <vertex>
                <position z="-0.831470" y="0.356425" x="2.500000"/>
                <normal z="-0.881921" y="0.471397" x="-0.000000"/>
                <texcoord v="0.451107" u="0.999916"/>
            </vertex>
            <vertex>
                <position z="-0.831470" y="0.356425" x="2.500000"/>
                <normal z="-0.773010" y="0.634393" x="-0.000000"/>
                <texcoord v="0.451107" u="0.999916"/>
            </vertex>
            <vertex>
                <position z="-0.831470" y="0.356424" x="-2.500000"/>
                <normal z="-0.773010" y="0.634393" x="-0.000000"/>
                <texcoord v="0.451111" u="0.000085"/>
            </vertex>
            <vertex>
                <position z="-0.707107" y="0.507961" x="-2.500000"/>
                <normal z="-0.773010" y="0.634393" x="-0.000000"/>
                <texcoord v="0.490311" u="0.000085"/>
            </vertex>
            <vertex>
                <position z="-0.707107" y="0.507962" x="2.500000"/>
                <normal z="-0.773010" y="0.634393" x="-0.000000"/>
                <texcoord v="0.490310" u="0.999916"/>
            </vertex>
            <vertex>
                <position z="-0.707107" y="0.507962" x="2.500000"/>
                <normal z="-0.634393" y="0.773010" x="-0.000000"/>
                <texcoord v="0.490310" u="0.999916"/>
            </vertex>
            <vertex>
                <position z="-0.707107" y="0.507961" x="-2.500000"/>
                <normal z="-0.634393" y="0.773010" x="-0.000000"/>
                <texcoord v="0.490311" u="0.000085"/>
            </vertex>
            <vertex>
                <position z="-0.555570" y="0.632324" x="-2.500000"/>
                <normal z="-0.634393" y="0.773010" x="-0.000000"/>
                <texcoord v="0.529512" u="0.000085"/>
            </vertex>
            <vertex>
                <position z="-0.555570" y="0.632325" x="2.500000"/>
                <normal z="-0.634393" y="0.773010" x="-0.000000"/>
                <texcoord v="0.529509" u="0.999916"/>
            </vertex>
            <vertex>
                <position z="-0.555570" y="0.632325" x="2.500000"/>
                <normal z="-0.471397" y="0.881921" x="-0.000000"/>
                <texcoord v="0.529509" u="0.999916"/>
            </vertex>
            <vertex>
                <position z="-0.555570" y="0.632324" x="-2.500000"/>
                <normal z="-0.471397" y="0.881921" x="-0.000000"/>
                <texcoord v="0.529512" u="0.000085"/>
            </vertex>
            <vertex>
                <position z="-0.382683" y="0.724734" x="-2.500000"/>
                <normal z="-0.471397" y="0.881921" x="-0.000000"/>
                <texcoord v="0.568712" u="0.000085"/>
            </vertex>
            <vertex>
                <position z="-0.382683" y="0.724735" x="2.500000"/>
                <normal z="-0.471397" y="0.881921" x="-0.000000"/>
                <texcoord v="0.568709" u="0.999916"/>
            </vertex>
            <vertex>
                <position z="-0.382683" y="0.724735" x="2.500000"/>
                <normal z="-0.290285" y="0.956940" x="-0.000000"/>
                <texcoord v="0.568709" u="0.999916"/>
            </vertex>
            <vertex>
                <position z="-0.382683" y="0.724734" x="-2.500000"/>
                <normal z="-0.290285" y="0.956940" x="-0.000000"/>
                <texcoord v="0.568712" u="0.000085"/>
            </vertex>
            <vertex>
                <position z="-0.195090" y="0.781639" x="-2.500000"/>
                <normal z="-0.290285" y="0.956940" x="-0.000000"/>
                <texcoord v="0.607912" u="0.000085"/>
            </vertex>
            <vertex>
                <position z="-0.195090" y="0.781640" x="2.500000"/>
                <normal z="-0.290285" y="0.956940" x="-0.000000"/>
                <texcoord v="0.607910" u="0.999916"/>
            </vertex>
            <vertex>
                <position z="-0.195090" y="0.781640" x="2.500000"/>
                <normal z="-0.098017" y="0.995185" x="-0.000000"/>
                <texcoord v="0.607910" u="0.999916"/>
            </vertex>
            <vertex>
                <position z="-0.195090" y="0.781639" x="-2.500000"/>
                <normal z="-0.098017" y="0.995185" x="-0.000000"/>
                <texcoord v="0.607912" u="0.000085"/>
            </vertex>
            <vertex>
                <position z="-0.000000" y="0.800854" x="-2.500000"/>
                <normal z="-0.098017" y="0.995185" x="-0.000000"/>
                <texcoord v="0.647113" u="0.000085"/>
            </vertex>
            <vertex>
                <position z="-0.000000" y="0.800855" x="2.499999"/>
                <normal z="-0.098017" y="0.995185" x="-0.000000"/>
                <texcoord v="0.647113" u="0.999916"/>
            </vertex>
            <vertex>
                <position z="-0.000000" y="0.800855" x="2.499999"/>
                <normal z="0.098017" y="0.995185" x="-0.000000"/>
                <texcoord v="0.647113" u="0.999916"/>
            </vertex>
            <vertex>
                <position z="-0.000000" y="0.800854" x="-2.500000"/>
                <normal z="0.098017" y="0.995185" x="-0.000000"/>
                <texcoord v="0.647113" u="0.000085"/>
            </vertex>
            <vertex>
                <position z="0.195090" y="0.781640" x="-2.500000"/>
                <normal z="0.098017" y="0.995185" x="-0.000000"/>
                <texcoord v="0.686313" u="0.000085"/>
            </vertex>
            <vertex>
                <position z="0.195090" y="0.781640" x="2.500000"/>
                <normal z="0.098017" y="0.995185" x="-0.000000"/>
                <texcoord v="0.686315" u="0.999916"/>
            </vertex>
            <vertex>
                <position z="0.195090" y="0.781640" x="2.500000"/>
                <normal z="0.290285" y="0.956940" x="-0.000000"/>
                <texcoord v="0.686315" u="0.999916"/>
            </vertex>
            <vertex>
                <position z="0.195090" y="0.781640" x="-2.500000"/>
                <normal z="0.290285" y="0.956940" x="-0.000000"/>
                <texcoord v="0.686313" u="0.000085"/>
            </vertex>
            <vertex>
                <position z="0.382683" y="0.724734" x="-2.500000"/>
                <normal z="0.290285" y="0.956940" x="-0.000000"/>
                <texcoord v="0.725513" u="0.000085"/>
            </vertex>
            <vertex>
                <position z="0.382683" y="0.724735" x="2.500000"/>
                <normal z="0.290285" y="0.956940" x="-0.000000"/>
                <texcoord v="0.725515" u="0.999916"/>
            </vertex>
            <vertex>
                <position z="0.382683" y="0.724735" x="2.500000"/>
                <normal z="0.471396" y="0.881921" x="-0.000000"/>
                <texcoord v="0.725515" u="0.999916"/>
            </vertex>
            <vertex>
                <position z="0.382683" y="0.724734" x="-2.500000"/>
                <normal z="0.471396" y="0.881921" x="-0.000000"/>
                <texcoord v="0.725513" u="0.000085"/>
            </vertex>
            <vertex>
                <position z="0.555570" y="0.632324" x="-2.500000"/>
                <normal z="0.471396" y="0.881921" x="-0.000000"/>
                <texcoord v="0.764713" u="0.000085"/>
            </vertex>
            <vertex>
                <position z="0.555570" y="0.632325" x="2.500000"/>
                <normal z="0.471396" y="0.881921" x="-0.000000"/>
                <texcoord v="0.764715" u="0.999916"/>
            </vertex>
            <vertex>
                <position z="0.555570" y="0.632325" x="2.500000"/>
                <normal z="0.634393" y="0.773010" x="-0.000000"/>
                <texcoord v="0.764715" u="0.999916"/>
            </vertex>
            <vertex>
                <position z="0.555570" y="0.632324" x="-2.500000"/>
                <normal z="0.634393" y="0.773010" x="-0.000000"/>
                <texcoord v="0.764713" u="0.000085"/>
            </vertex>
            <vertex>
                <position z="0.707107" y="0.507961" x="-2.500000"/>
                <normal z="0.634393" y="0.773010" x="-0.000000"/>
                <texcoord v="0.803914" u="0.000085"/>
            </vertex>
            <vertex>
                <position z="0.707107" y="0.507962" x="2.500000"/>
                <normal z="0.634393" y="0.773010" x="-0.000000"/>
                <texcoord v="0.803916" u="0.999916"/>
            </vertex>
            <vertex>
                <position z="0.707107" y="0.507962" x="2.500000"/>
                <normal z="0.773010" y="0.634393" x="-0.000000"/>
                <texcoord v="0.803916" u="0.999916"/>
            </vertex>
            <vertex>
                <position z="0.707107" y="0.507961" x="-2.500000"/>
                <normal z="0.773010" y="0.634393" x="-0.000000"/>
                <texcoord v="0.803914" u="0.000085"/>
            </vertex>
            <vertex>
                <position z="0.831470" y="0.356424" x="-2.500000"/>
                <normal z="0.773010" y="0.634393" x="-0.000000"/>
                <texcoord v="0.843114" u="0.000085"/>
            </vertex>
            <vertex>
                <position z="0.831470" y="0.356425" x="2.500000"/>
                <normal z="0.773010" y="0.634393" x="-0.000000"/>
                <texcoord v="0.843115" u="0.999916"/>
            </vertex>
            <vertex>
                <position z="0.831470" y="0.356425" x="2.500000"/>
                <normal z="0.881921" y="0.471397" x="-0.000000"/>
                <texcoord v="0.843115" u="0.999916"/>
            </vertex>
            <vertex>
                <position z="0.831470" y="0.356424" x="-2.500000"/>
                <normal z="0.881921" y="0.471397" x="-0.000000"/>
                <texcoord v="0.843114" u="0.000085"/>
            </vertex>
            <vertex>
                <position z="0.923880" y="0.183537" x="-2.500000"/>
                <normal z="0.881921" y="0.471397" x="-0.000000"/>
                <texcoord v="0.882314" u="0.000085"/>
            </vertex>
            <vertex>
                <position z="0.923880" y="0.183538" x="2.500000"/>
                <normal z="0.881921" y="0.471397" x="-0.000000"/>
                <texcoord v="0.882315" u="0.999916"/>
            </vertex>
            <vertex>
                <position z="0.923880" y="0.183538" x="2.500000"/>
                <normal z="0.956940" y="0.290284" x="-0.000000"/>
                <texcoord v="0.882315" u="0.999916"/>
            </vertex>
            <vertex>
                <position z="0.923880" y="0.183537" x="-2.500000"/>
                <normal z="0.956940" y="0.290284" x="-0.000000"/>
                <texcoord v="0.882314" u="0.000085"/>
            </vertex>
            <vertex>
                <position z="0.980785" y="-0.004056" x="-2.500000"/>
                <normal z="0.956940" y="0.290284" x="-0.000000"/>
                <texcoord v="0.921515" u="0.000084"/>
            </vertex>
            <vertex>
                <position z="0.980785" y="-0.004055" x="2.500000"/>
                <normal z="0.956940" y="0.290284" x="-0.000000"/>
                <texcoord v="0.921515" u="0.999916"/>
            </vertex>
            <vertex>
                <position z="0.980785" y="-0.004055" x="2.500000"/>
                <normal z="0.995185" y="0.098017" x="-0.000000"/>
                <texcoord v="0.921515" u="0.999916"/>
            </vertex>
            <vertex>
                <position z="0.980785" y="-0.004056" x="-2.500000"/>
                <normal z="0.995185" y="0.098017" x="-0.000000"/>
                <texcoord v="0.921515" u="0.000084"/>
            </vertex>
            <vertex>
                <position z="1.000000" y="-0.199146" x="-2.500000"/>
                <normal z="0.995185" y="0.098017" x="-0.000000"/>
                <texcoord v="0.960715" u="0.000084"/>
            </vertex>
            <vertex>
                <position z="1.000000" y="-0.199145" x="2.500000"/>
                <normal z="0.995185" y="0.098017" x="-0.000000"/>
                <texcoord v="0.960716" u="0.999916"/>
            </vertex>
            <vertex>
                <position z="1.000000" y="-0.199145" x="2.500000"/>
                <normal z="0.995185" y="-0.098018" x="0.000000"/>
                <texcoord v="0.960716" u="0.999916"/>
            </vertex>
            <vertex>
                <position z="1.000000" y="-0.199146" x="-2.500000"/>
                <normal z="0.995185" y="-0.098018" x="0.000000"/>
                <texcoord v="0.960715" u="0.000084"/>
            </vertex>
            <vertex>
                <position z="0.980785" y="-0.394237" x="-2.500000"/>
                <normal z="0.995185" y="-0.098018" x="0.000000"/>
                <texcoord v="0.999916" u="0.000084"/>
            </vertex>
            <vertex>
                <position z="0.980785" y="-0.394236" x="2.500000"/>
                <normal z="0.995185" y="-0.098018" x="0.000000"/>
                <texcoord v="0.999916" u="0.999916"/>
            </vertex>
            <vertex>
                <position z="-0.980786" y="-0.394234" x="2.500000"/>
                <normal z="-0.995185" y="-0.098017" x="0.000000"/>
                <texcoord v="0.294305" u="0.999915"/>
            </vertex>
            <vertex>
                <position z="-0.980786" y="-0.394235" x="-2.500000"/>
                <normal z="-0.995185" y="-0.098017" x="0.000000"/>
                <texcoord v="0.294310" u="0.000084"/>
            </vertex>
            <vertex>
                <position z="-1.000000" y="-0.199146" x="-2.500000"/>
                <normal z="-0.995185" y="-0.098017" x="0.000000"/>
                <texcoord v="0.333510" u="0.000084"/>
            </vertex>
            <vertex>
                <position z="-1.000000" y="-0.199145" x="2.500000"/>
                <normal z="-0.995185" y="-0.098017" x="0.000000"/>
                <texcoord v="0.333506" u="0.999915"/>
            </vertex>
            <vertex>
                <position z="-0.980786" y="-0.195088" x="2.500000"/>
                <normal z="1.000000" y="0.000000" x="0.000000"/>
                <texcoord v="1.000000" u="0.000000"/>
            </vertex>
            <vertex>
                <position z="-0.980786" y="-0.195089" x="-2.500000"/>
                <normal z="1.000000" y="0.000000" x="0.000000"/>
                <texcoord v="1.000000" u="0.000000"/>
            </vertex>
            <vertex>
                <position z="-0.980786" y="-0.394235" x="-2.500000"/>
                <normal z="1.000000" y="0.000000" x="0.000000"/>
                <texcoord v="1.000000" u="0.000000"/>
            </vertex>
            <vertex>
                <position z="-0.980786" y="-0.394234" x="2.500000"/>
                <normal z="1.000000" y="0.000000" x="0.000000"/>
                <texcoord v="1.000000" u="0.000000"/>
            </vertex>
            <vertex>
                <position z="-0.000000" y="1.000000" x="2.499999"/>
                <normal z="-0.000001" y="-0.000001" x="-1.000000"/>
                <texcoord v="1.000000" u="0.000000"/>
            </vertex>
            <vertex>
                <position z="-0.195090" y="0.980786" x="2.499999"/>
                <normal z="-0.000001" y="-0.000001" x="-1.000000"/>
                <texcoord v="1.000000" u="0.000000"/>
            </vertex>
            <vertex>
                <position z="-0.195090" y="0.781640" x="2.500000"/>
                <normal z="-0.000001" y="-0.000001" x="-1.000000"/>
                <texcoord v="1.000000" u="0.000000"/>
            </vertex>
            <vertex>
                <position z="-0.000000" y="0.800855" x="2.499999"/>
                <normal z="-0.000001" y="-0.000001" x="-1.000000"/>
                <texcoord v="1.000000" u="0.000000"/>
            </vertex>
            <vertex>
                <position z="-0.980785" y="0.195090" x="-2.500000"/>
                <normal z="-0.000000" y="-0.000000" x="1.000000"/>
                <texcoord v="1.000000" u="0.000000"/>
            </vertex>
            <vertex>
                <position z="-0.923880" y="0.382683" x="-2.500000"/>
                <normal z="-0.000000" y="-0.000000" x="1.000000"/>
                <texcoord v="1.000000" u="0.000000"/>
            </vertex>
            <vertex>
                <position z="-0.923880" y="0.183538" x="-2.500000"/>
                <normal z="-0.000000" y="-0.000000" x="1.000000"/>
                <texcoord v="1.000000" u="0.000000"/>
            </vertex>
            <vertex>
                <position z="-0.980785" y="-0.004056" x="-2.500000"/>
                <normal z="-0.000000" y="-0.000000" x="1.000000"/>
                <texcoord v="1.000000" u="0.000000"/>
            </vertex>
            <vertex>
                <position z="1.000000" y="0.000000" x="2.500000"/>
                <normal z="-0.000000" y="0.000000" x="-1.000000"/>
                <texcoord v="1.000000" u="0.000000"/>
            </vertex>
            <vertex>
                <position z="0.980785" y="0.195091" x="2.500000"/>
                <normal z="-0.000000" y="0.000000" x="-1.000000"/>
                <texcoord v="1.000000" u="0.000000"/>
            </vertex>
            <vertex>
                <position z="0.980785" y="-0.004055" x="2.500000"/>
                <normal z="-0.000000" y="0.000000" x="-1.000000"/>
                <texcoord v="1.000000" u="0.000000"/>
            </vertex>
            <vertex>
                <position z="1.000000" y="-0.199145" x="2.500000"/>
                <normal z="-0.000000" y="0.000000" x="-1.000000"/>
                <texcoord v="1.000000" u="0.000000"/>
            </vertex>
            <vertex>
                <position z="0.195090" y="0.980785" x="-2.500000"/>
                <normal z="0.000000" y="0.000001" x="1.000000"/>
                <texcoord v="1.000000" u="0.000000"/>
            </vertex>
            <vertex>
                <position z="0.382683" y="0.923879" x="-2.500000"/>
                <normal z="0.000000" y="0.000001" x="1.000000"/>
                <texcoord v="1.000000" u="0.000000"/>
            </vertex>
            <vertex>
                <position z="0.382683" y="0.724734" x="-2.500000"/>
                <normal z="0.000000" y="0.000001" x="1.000000"/>
                <texcoord v="1.000000" u="0.000000"/>
            </vertex>
            <vertex>
                <position z="0.195090" y="0.781640" x="-2.500000"/>
                <normal z="0.000000" y="0.000001" x="1.000000"/>
                <texcoord v="1.000000" u="0.000000"/>
            </vertex>
            <vertex>
                <position z="-0.195090" y="0.980786" x="2.499999"/>
                <normal z="0.000000" y="-0.000001" x="-1.000000"/>
                <texcoord v="1.000000" u="0.000000"/>
            </vertex>
            <vertex>
                <position z="-0.382683" y="0.923880" x="2.499999"/>
                <normal z="0.000000" y="-0.000001" x="-1.000000"/>
                <texcoord v="1.000000" u="0.000000"/>
            </vertex>
            <vertex>
                <position z="-0.382683" y="0.724735" x="2.500000"/>
                <normal z="0.000000" y="-0.000001" x="-1.000000"/>
                <texcoord v="1.000000" u="0.000000"/>
            </vertex>
            <vertex>
                <position z="-0.195090" y="0.781640" x="2.500000"/>
                <normal z="0.000000" y="-0.000001" x="-1.000000"/>
                <texcoord v="1.000000" u="0.000000"/>
            </vertex>
            <vertex>
                <position z="-0.000000" y="1.000000" x="-2.500000"/>
                <normal z="-0.000001" y="0.000001" x="1.000000"/>
                <texcoord v="1.000000" u="0.000000"/>
            </vertex>
            <vertex>
                <position z="0.195090" y="0.980785" x="-2.500000"/>
                <normal z="-0.000001" y="0.000001" x="1.000000"/>
                <texcoord v="1.000000" u="0.000000"/>
            </vertex>
            <vertex>
                <position z="0.195090" y="0.781640" x="-2.500000"/>
                <normal z="-0.000001" y="0.000001" x="1.000000"/>
                <texcoord v="1.000000" u="0.000000"/>
            </vertex>
            <vertex>
                <position z="-0.000000" y="0.800854" x="-2.500000"/>
                <normal z="-0.000001" y="0.000001" x="1.000000"/>
                <texcoord v="1.000000" u="0.000000"/>
            </vertex>
            <vertex>
                <position z="0.980785" y="0.195091" x="2.500000"/>
                <normal z="-0.000000" y="0.000000" x="-1.000000"/>
                <texcoord v="1.000000" u="0.000000"/>
            </vertex>
            <vertex>
                <position z="0.923880" y="0.382684" x="2.500000"/>
                <normal z="-0.000000" y="0.000000" x="-1.000000"/>
                <texcoord v="1.000000" u="0.000000"/>
            </vertex>
            <vertex>
                <position z="0.923880" y="0.183538" x="2.500000"/>
                <normal z="-0.000000" y="0.000000" x="-1.000000"/>
                <texcoord v="1.000000" u="0.000000"/>
            </vertex>
            <vertex>
                <position z="0.980785" y="-0.004055" x="2.500000"/>
                <normal z="-0.000000" y="0.000000" x="-1.000000"/>
                <texcoord v="1.000000" u="0.000000"/>
            </vertex>
            <vertex>
                <position z="1.000000" y="-0.000001" x="-2.500000"/>
                <normal z="-0.000000" y="0.000000" x="-1.000000"/>
                <texcoord v="1.000000" u="0.000000"/>
            </vertex>
            <vertex>
                <position z="0.980785" y="-0.195091" x="-2.500000"/>
                <normal z="-0.000000" y="0.000000" x="-1.000000"/>
                <texcoord v="1.000000" u="0.000000"/>
            </vertex>
            <vertex>
                <position z="0.980785" y="-0.394237" x="-2.500000"/>
                <normal z="-0.000000" y="0.000000" x="-1.000000"/>
                <texcoord v="1.000000" u="0.000000"/>
            </vertex>
            <vertex>
                <position z="1.000000" y="-0.199146" x="-2.500000"/>
                <normal z="-0.000000" y="0.000000" x="-1.000000"/>
                <texcoord v="1.000000" u="0.000000"/>
            </vertex>
            <vertex>
                <position z="-0.382683" y="0.923880" x="2.499999"/>
                <normal z="0.000001" y="-0.000001" x="-1.000000"/>
                <texcoord v="1.000000" u="0.000000"/>
            </vertex>
            <vertex>
                <position z="-0.555570" y="0.831470" x="2.499999"/>
                <normal z="0.000001" y="-0.000001" x="-1.000000"/>
                <texcoord v="1.000000" u="0.000000"/>
            </vertex>
            <vertex>
                <position z="-0.555570" y="0.632325" x="2.500000"/>
                <normal z="0.000001" y="-0.000001" x="-1.000000"/>
                <texcoord v="1.000000" u="0.000000"/>
            </vertex>
            <vertex>
                <position z="-0.382683" y="0.724735" x="2.500000"/>
                <normal z="0.000001" y="-0.000001" x="-1.000000"/>
                <texcoord v="1.000000" u="0.000000"/>
            </vertex>
            <vertex>
                <position z="-1.000000" y="0.000000" x="2.500000"/>
                <normal z="-0.000000" y="-0.000000" x="1.000000"/>
                <texcoord v="1.000000" u="0.000000"/>
            </vertex>
            <vertex>
                <position z="-0.980786" y="-0.195088" x="2.500000"/>
                <normal z="-0.000000" y="-0.000000" x="1.000000"/>
                <texcoord v="1.000000" u="0.000000"/>
            </vertex>
            <vertex>
                <position z="-0.980786" y="-0.394234" x="2.500000"/>
                <normal z="-0.000000" y="-0.000000" x="1.000000"/>
                <texcoord v="1.000000" u="0.000000"/>
            </vertex>
            <vertex>
                <position z="-1.000000" y="-0.199145" x="2.500000"/>
                <normal z="-0.000000" y="-0.000000" x="1.000000"/>
                <texcoord v="1.000000" u="0.000000"/>
            </vertex>
            <vertex>
                <position z="-0.195090" y="0.980785" x="-2.500000"/>
                <normal z="0.000001" y="0.000001" x="1.000000"/>
                <texcoord v="1.000000" u="0.000000"/>
            </vertex>
            <vertex>
                <position z="-0.000000" y="1.000000" x="-2.500000"/>
                <normal z="0.000001" y="0.000001" x="1.000000"/>
                <texcoord v="1.000000" u="0.000000"/>
            </vertex>
            <vertex>
                <position z="-0.000000" y="0.800854" x="-2.500000"/>
                <normal z="0.000001" y="0.000001" x="1.000000"/>
                <texcoord v="1.000000" u="0.000000"/>
            </vertex>
            <vertex>
                <position z="-0.195090" y="0.781639" x="-2.500000"/>
                <normal z="0.000001" y="0.000001" x="1.000000"/>
                <texcoord v="1.000000" u="0.000000"/>
            </vertex>
            <vertex>
                <position z="0.923880" y="0.382684" x="2.500000"/>
                <normal z="0.000003" y="0.000000" x="-1.000000"/>
                <texcoord v="1.000000" u="0.000000"/>
            </vertex>
            <vertex>
                <position z="0.831470" y="0.555571" x="2.500000"/>
                <normal z="0.000003" y="0.000000" x="-1.000000"/>
                <texcoord v="1.000000" u="0.000000"/>
            </vertex>
            <vertex>
                <position z="0.831470" y="0.356425" x="2.500000"/>
                <normal z="0.000003" y="0.000000" x="-1.000000"/>
                <texcoord v="1.000000" u="0.000000"/>
            </vertex>
            <vertex>
                <position z="0.923880" y="0.183538" x="2.500000"/>
                <normal z="0.000003" y="0.000000" x="-1.000000"/>
                <texcoord v="1.000000" u="0.000000"/>
            </vertex>
            <vertex>
                <position z="-0.555570" y="0.831470" x="2.499999"/>
                <normal z="-0.000000" y="-0.000001" x="-1.000000"/>
                <texcoord v="1.000000" u="0.000000"/>
            </vertex>
            <vertex>
                <position z="-0.707107" y="0.707107" x="2.500000"/>
                <normal z="-0.000000" y="-0.000001" x="-1.000000"/>
                <texcoord v="1.000000" u="0.000000"/>
            </vertex>
            <vertex>
                <position z="-0.707107" y="0.507962" x="2.500000"/>
                <normal z="-0.000000" y="-0.000001" x="-1.000000"/>
                <texcoord v="1.000000" u="0.000000"/>
            </vertex>
            <vertex>
                <position z="-0.555570" y="0.632325" x="2.500000"/>
                <normal z="-0.000000" y="-0.000001" x="-1.000000"/>
                <texcoord v="1.000000" u="0.000000"/>
            </vertex>
            <vertex>
                <position z="0.980785" y="0.195090" x="-2.500000"/>
                <normal z="-0.000000" y="-0.000000" x="1.000000"/>
                <texcoord v="1.000000" u="0.000000"/>
            </vertex>
            <vertex>
                <position z="1.000000" y="-0.000001" x="-2.500000"/>
                <normal z="-0.000000" y="-0.000000" x="1.000000"/>
                <texcoord v="1.000000" u="0.000000"/>
            </vertex>
            <vertex>
                <position z="1.000000" y="-0.199146" x="-2.500000"/>
                <normal z="-0.000000" y="-0.000000" x="1.000000"/>
                <texcoord v="1.000000" u="0.000000"/>
            </vertex>
            <vertex>
                <position z="0.980785" y="-0.004056" x="-2.500000"/>
                <normal z="-0.000000" y="-0.000000" x="1.000000"/>
                <texcoord v="1.000000" u="0.000000"/>
            </vertex>
            <vertex>
                <position z="-0.382683" y="0.923879" x="-2.500000"/>
                <normal z="-0.000000" y="0.000001" x="1.000000"/>
                <texcoord v="1.000000" u="0.000000"/>
            </vertex>
            <vertex>
                <position z="-0.195090" y="0.980785" x="-2.500000"/>
                <normal z="-0.000000" y="0.000001" x="1.000000"/>
                <texcoord v="1.000000" u="0.000000"/>
            </vertex>
            <vertex>
                <position z="-0.195090" y="0.781639" x="-2.500000"/>
                <normal z="-0.000000" y="0.000001" x="1.000000"/>
                <texcoord v="1.000000" u="0.000000"/>
            </vertex>
            <vertex>
                <position z="-0.382683" y="0.724734" x="-2.500000"/>
                <normal z="-0.000000" y="0.000001" x="1.000000"/>
                <texcoord v="1.000000" u="0.000000"/>
            </vertex>
            <vertex>
                <position z="0.831470" y="0.555571" x="2.500000"/>
                <normal z="-0.000000" y="0.000000" x="-1.000000"/>
                <texcoord v="1.000000" u="0.000000"/>
            </vertex>
            <vertex>
                <position z="0.707107" y="0.707107" x="2.500000"/>
                <normal z="-0.000000" y="0.000000" x="-1.000000"/>
                <texcoord v="1.000000" u="0.000000"/>
            </vertex>
            <vertex>
                <position z="0.707107" y="0.507962" x="2.500000"/>
                <normal z="-0.000000" y="0.000000" x="-1.000000"/>
                <texcoord v="1.000000" u="0.000000"/>
            </vertex>
            <vertex>
                <position z="0.831470" y="0.356425" x="2.500000"/>
                <normal z="-0.000000" y="0.000000" x="-1.000000"/>
                <texcoord v="1.000000" u="0.000000"/>
            </vertex>
            <vertex>
                <position z="0.923880" y="0.382683" x="-2.500000"/>
                <normal z="-0.000000" y="-0.000000" x="1.000000"/>
                <texcoord v="1.000000" u="0.000000"/>
            </vertex>
            <vertex>
                <position z="0.923880" y="0.183537" x="-2.500000"/>
                <normal z="-0.000000" y="-0.000000" x="1.000000"/>
                <texcoord v="1.000000" u="0.000000"/>
            </vertex>
            <vertex>
                <position z="-0.707107" y="0.707107" x="2.500000"/>
                <normal z="-0.000000" y="0.000000" x="-1.000000"/>
                <texcoord v="1.000000" u="0.000000"/>
            </vertex>
            <vertex>
                <position z="-0.831470" y="0.555571" x="2.500000"/>
                <normal z="-0.000000" y="0.000000" x="-1.000000"/>
                <texcoord v="1.000000" u="0.000000"/>
            </vertex>
            <vertex>
                <position z="-0.831470" y="0.356425" x="2.500000"/>
                <normal z="-0.000000" y="0.000000" x="-1.000000"/>
                <texcoord v="1.000000" u="0.000000"/>
            </vertex>
            <vertex>
                <position z="-0.707107" y="0.507962" x="2.500000"/>
                <normal z="-0.000000" y="0.000000" x="-1.000000"/>
                <texcoord v="1.000000" u="0.000000"/>
            </vertex>
            <vertex>
                <position z="0.980785" y="-0.195091" x="-2.500000"/>
                <normal z="-1.000000" y="-0.000000" x="0.000000"/>
                <texcoord v="1.000000" u="0.000000"/>
            </vertex>
            <vertex>
                <position z="0.980785" y="-0.195090" x="2.500000"/>
                <normal z="-1.000000" y="-0.000000" x="0.000000"/>
                <texcoord v="1.000000" u="0.000000"/>
            </vertex>
            <vertex>
                <position z="0.980785" y="-0.394236" x="2.500000"/>
                <normal z="-1.000000" y="-0.000000" x="0.000000"/>
                <texcoord v="1.000000" u="0.000000"/>
            </vertex>
            <vertex>
                <position z="0.980785" y="-0.394237" x="-2.500000"/>
                <normal z="-1.000000" y="-0.000000" x="0.000000"/>
                <texcoord v="1.000000" u="0.000000"/>
            </vertex>
            <vertex>
                <position z="-0.980785" y="0.195091" x="2.500000"/>
                <normal z="-0.000000" y="0.000000" x="-1.000000"/>
                <texcoord v="1.000000" u="0.000000"/>
            </vertex>
            <vertex>
                <position z="-1.000000" y="0.000000" x="2.500000"/>
                <normal z="-0.000000" y="0.000000" x="-1.000000"/>
                <texcoord v="1.000000" u="0.000000"/>
            </vertex>
            <vertex>
                <position z="-1.000000" y="-0.199145" x="2.500000"/>
                <normal z="-0.000000" y="0.000000" x="-1.000000"/>
                <texcoord v="1.000000" u="0.000000"/>
            </vertex>
            <vertex>
                <position z="-0.980785" y="-0.004055" x="2.500000"/>
                <normal z="-0.000000" y="0.000000" x="-1.000000"/>
                <texcoord v="1.000000" u="0.000000"/>
            </vertex>
            <vertex>
                <position z="-0.555570" y="0.831469" x="-2.500000"/>
                <normal z="-0.000001" y="0.000001" x="1.000000"/>
                <texcoord v="1.000000" u="0.000000"/>
            </vertex>
            <vertex>
                <position z="-0.382683" y="0.923879" x="-2.500000"/>
                <normal z="-0.000001" y="0.000001" x="1.000000"/>
                <texcoord v="1.000000" u="0.000000"/>
            </vertex>
            <vertex>
                <position z="-0.382683" y="0.724734" x="-2.500000"/>
                <normal z="-0.000001" y="0.000001" x="1.000000"/>
                <texcoord v="1.000000" u="0.000000"/>
            </vertex>
            <vertex>
                <position z="-0.555570" y="0.632324" x="-2.500000"/>
                <normal z="-0.000001" y="0.000001" x="1.000000"/>
                <texcoord v="1.000000" u="0.000000"/>
            </vertex>
            <vertex>
                <position z="0.707107" y="0.707107" x="2.500000"/>
                <normal z="0.000000" y="-0.000001" x="-1.000000"/>
                <texcoord v="1.000000" u="0.000000"/>
            </vertex>
            <vertex>
                <position z="0.555570" y="0.831470" x="2.499999"/>
                <normal z="0.000000" y="-0.000001" x="-1.000000"/>
                <texcoord v="1.000000" u="0.000000"/>
            </vertex>
            <vertex>
                <position z="0.555570" y="0.632325" x="2.500000"/>
                <normal z="0.000000" y="-0.000001" x="-1.000000"/>
                <texcoord v="1.000000" u="0.000000"/>
            </vertex>
            <vertex>
                <position z="0.707107" y="0.507962" x="2.500000"/>
                <normal z="0.000000" y="-0.000001" x="-1.000000"/>
                <texcoord v="1.000000" u="0.000000"/>
            </vertex>
            <vertex>
                <position z="-0.980786" y="-0.195089" x="-2.500000"/>
                <normal z="-0.000000" y="0.000000" x="-1.000000"/>
                <texcoord v="1.000000" u="0.000000"/>
            </vertex>
            <vertex>
                <position z="-1.000000" y="-0.000000" x="-2.500000"/>
                <normal z="-0.000000" y="0.000000" x="-1.000000"/>
                <texcoord v="1.000000" u="0.000000"/>
            </vertex>
            <vertex>
                <position z="-1.000000" y="-0.199146" x="-2.500000"/>
                <normal z="-0.000000" y="0.000000" x="-1.000000"/>
                <texcoord v="1.000000" u="0.000000"/>
            </vertex>
            <vertex>
                <position z="-0.980786" y="-0.394235" x="-2.500000"/>
                <normal z="-0.000000" y="0.000000" x="-1.000000"/>
                <texcoord v="1.000000" u="0.000000"/>
            </vertex>
            <vertex>
                <position z="0.831470" y="0.555570" x="-2.500000"/>
                <normal z="-0.000000" y="-0.000000" x="1.000000"/>
                <texcoord v="1.000000" u="0.000000"/>
            </vertex>
            <vertex>
                <position z="0.831470" y="0.356424" x="-2.500000"/>
                <normal z="-0.000000" y="-0.000000" x="1.000000"/>
                <texcoord v="1.000000" u="0.000000"/>
            </vertex>
            <vertex>
                <position z="-0.831470" y="0.555571" x="2.500000"/>
                <normal z="-0.000003" y="0.000000" x="-1.000000"/>
                <texcoord v="1.000000" u="0.000000"/>
            </vertex>
            <vertex>
                <position z="-0.923880" y="0.382684" x="2.500000"/>
                <normal z="-0.000003" y="0.000000" x="-1.000000"/>
                <texcoord v="1.000000" u="0.000000"/>
            </vertex>
            <vertex>
                <position z="-0.923880" y="0.183539" x="2.500000"/>
                <normal z="-0.000003" y="0.000000" x="-1.000000"/>
                <texcoord v="1.000000" u="0.000000"/>
            </vertex>
            <vertex>
                <position z="-0.831470" y="0.356425" x="2.500000"/>
                <normal z="-0.000003" y="0.000000" x="-1.000000"/>
                <texcoord v="1.000000" u="0.000000"/>
            </vertex>
            <vertex>
                <position z="0.555570" y="0.831470" x="2.499999"/>
                <normal z="-0.000001" y="-0.000001" x="-1.000000"/>
                <texcoord v="1.000000" u="0.000000"/>
            </vertex>
            <vertex>
                <position z="0.382683" y="0.923880" x="2.499999"/>
                <normal z="-0.000001" y="-0.000001" x="-1.000000"/>
                <texcoord v="1.000000" u="0.000000"/>
            </vertex>
            <vertex>
                <position z="0.382683" y="0.724735" x="2.500000"/>
                <normal z="-0.000001" y="-0.000001" x="-1.000000"/>
                <texcoord v="1.000000" u="0.000000"/>
            </vertex>
            <vertex>
                <position z="0.555570" y="0.632325" x="2.500000"/>
                <normal z="-0.000001" y="-0.000001" x="-1.000000"/>
                <texcoord v="1.000000" u="0.000000"/>
            </vertex>
            <vertex>
                <position z="-0.707107" y="0.707106" x="-2.500000"/>
                <normal z="0.000002" y="0.000001" x="1.000000"/>
                <texcoord v="1.000000" u="0.000000"/>
            </vertex>
            <vertex>
                <position z="-0.555570" y="0.831469" x="-2.500000"/>
                <normal z="0.000002" y="0.000001" x="1.000000"/>
                <texcoord v="1.000000" u="0.000000"/>
            </vertex>
            <vertex>
                <position z="-0.555570" y="0.632324" x="-2.500000"/>
                <normal z="0.000002" y="0.000001" x="1.000000"/>
                <texcoord v="1.000000" u="0.000000"/>
            </vertex>
            <vertex>
                <position z="-0.707107" y="0.507961" x="-2.500000"/>
                <normal z="0.000002" y="0.000001" x="1.000000"/>
                <texcoord v="1.000000" u="0.000000"/>
            </vertex>
            <vertex>
                <position z="-0.923880" y="0.382684" x="2.500000"/>
                <normal z="-0.000000" y="0.000000" x="-1.000000"/>
                <texcoord v="1.000000" u="0.000000"/>
            </vertex>
            <vertex>
                <position z="-0.980785" y="0.195091" x="2.500000"/>
                <normal z="-0.000000" y="0.000000" x="-1.000000"/>
                <texcoord v="1.000000" u="0.000000"/>
            </vertex>
            <vertex>
                <position z="-0.980785" y="-0.004055" x="2.500000"/>
                <normal z="-0.000000" y="0.000000" x="-1.000000"/>
                <texcoord v="1.000000" u="0.000000"/>
            </vertex>
            <vertex>
                <position z="-0.923880" y="0.183539" x="2.500000"/>
                <normal z="-0.000000" y="0.000000" x="-1.000000"/>
                <texcoord v="1.000000" u="0.000000"/>
            </vertex>
            <vertex>
                <position z="0.707107" y="0.707106" x="-2.500000"/>
                <normal z="-0.000000" y="-0.000000" x="1.000000"/>
                <texcoord v="1.000000" u="0.000000"/>
            </vertex>
            <vertex>
                <position z="0.831470" y="0.555570" x="-2.500000"/>
                <normal z="-0.000000" y="-0.000000" x="1.000000"/>
                <texcoord v="1.000000" u="0.000000"/>
            </vertex>
            <vertex>
                <position z="0.831470" y="0.356424" x="-2.500000"/>
                <normal z="-0.000000" y="-0.000000" x="1.000000"/>
                <texcoord v="1.000000" u="0.000000"/>
            </vertex>
            <vertex>
                <position z="0.707107" y="0.507961" x="-2.500000"/>
                <normal z="-0.000000" y="-0.000000" x="1.000000"/>
                <texcoord v="1.000000" u="0.000000"/>
            </vertex>
            <vertex>
                <position z="-0.831470" y="0.555570" x="-2.500000"/>
                <normal z="-0.000000" y="-0.000000" x="1.000000"/>
                <texcoord v="1.000000" u="0.000000"/>
            </vertex>
            <vertex>
                <position z="-0.707107" y="0.707106" x="-2.500000"/>
                <normal z="-0.000000" y="-0.000000" x="1.000000"/>
                <texcoord v="1.000000" u="0.000000"/>
            </vertex>
            <vertex>
                <position z="-0.707107" y="0.507961" x="-2.500000"/>
                <normal z="-0.000000" y="-0.000000" x="1.000000"/>
                <texcoord v="1.000000" u="0.000000"/>
            </vertex>
            <vertex>
                <position z="-0.831470" y="0.356424" x="-2.500000"/>
                <normal z="-0.000000" y="-0.000000" x="1.000000"/>
                <texcoord v="1.000000" u="0.000000"/>
            </vertex>
            <vertex>
                <position z="0.382683" y="0.923880" x="2.499999"/>
                <normal z="-0.000000" y="-0.000001" x="-1.000000"/>
                <texcoord v="1.000000" u="0.000000"/>
            </vertex>
            <vertex>
                <position z="0.195090" y="0.980786" x="2.499999"/>
                <normal z="-0.000000" y="-0.000001" x="-1.000000"/>
                <texcoord v="1.000000" u="0.000000"/>
            </vertex>
            <vertex>
                <position z="0.195090" y="0.781640" x="2.500000"/>
                <normal z="-0.000000" y="-0.000001" x="-1.000000"/>
                <texcoord v="1.000000" u="0.000000"/>
            </vertex>
            <vertex>
                <position z="0.382683" y="0.724735" x="2.500000"/>
                <normal z="-0.000000" y="-0.000001" x="-1.000000"/>
                <texcoord v="1.000000" u="0.000000"/>
            </vertex>
            <vertex>
                <position z="0.555570" y="0.831469" x="-2.500000"/>
                <normal z="-0.000002" y="0.000001" x="1.000000"/>
                <texcoord v="1.000000" u="0.000000"/>
            </vertex>
            <vertex>
                <position z="0.707107" y="0.707106" x="-2.500000"/>
                <normal z="-0.000002" y="0.000001" x="1.000000"/>
                <texcoord v="1.000000" u="0.000000"/>
            </vertex>
            <vertex>
                <position z="0.707107" y="0.507961" x="-2.500000"/>
                <normal z="-0.000002" y="0.000001" x="1.000000"/>
                <texcoord v="1.000000" u="0.000000"/>
            </vertex>
            <vertex>
                <position z="0.555570" y="0.632324" x="-2.500000"/>
                <normal z="-0.000002" y="0.000001" x="1.000000"/>
                <texcoord v="1.000000" u="0.000000"/>
            </vertex>
            <vertex>
                <position z="-1.000000" y="-0.000000" x="-2.500000"/>
                <normal z="-0.000000" y="-0.000000" x="1.000000"/>
                <texcoord v="1.000000" u="0.000000"/>
            </vertex>
            <vertex>
                <position z="-0.980785" y="0.195090" x="-2.500000"/>
                <normal z="-0.000000" y="-0.000000" x="1.000000"/>
                <texcoord v="1.000000" u="0.000000"/>
            </vertex>
            <vertex>
                <position z="-0.980785" y="-0.004056" x="-2.500000"/>
                <normal z="-0.000000" y="-0.000000" x="1.000000"/>
                <texcoord v="1.000000" u="0.000000"/>
            </vertex>
            <vertex>
                <position z="-1.000000" y="-0.199146" x="-2.500000"/>
                <normal z="-0.000000" y="-0.000000" x="1.000000"/>
                <texcoord v="1.000000" u="0.000000"/>
            </vertex>
            <vertex>
                <position z="0.195090" y="0.980786" x="2.499999"/>
                <normal z="0.000001" y="-0.000001" x="-1.000000"/>
                <texcoord v="1.000000" u="0.000000"/>
            </vertex>
            <vertex>
                <position z="-0.000000" y="1.000000" x="2.499999"/>
                <normal z="0.000001" y="-0.000001" x="-1.000000"/>
                <texcoord v="1.000000" u="0.000000"/>
            </vertex>
            <vertex>
                <position z="-0.000000" y="0.800855" x="2.499999"/>
                <normal z="0.000001" y="-0.000001" x="-1.000000"/>
                <texcoord v="1.000000" u="0.000000"/>
            </vertex>
            <vertex>
                <position z="0.195090" y="0.781640" x="2.500000"/>
                <normal z="0.000001" y="-0.000001" x="-1.000000"/>
                <texcoord v="1.000000" u="0.000000"/>
            </vertex>
            <vertex>
                <position z="0.382683" y="0.923879" x="-2.500000"/>
                <normal z="0.000001" y="0.000001" x="1.000000"/>
                <texcoord v="1.000000" u="0.000000"/>
            </vertex>
            <vertex>
                <position z="0.555570" y="0.831469" x="-2.500000"/>
                <normal z="0.000001" y="0.000001" x="1.000000"/>
                <texcoord v="1.000000" u="0.000000"/>
            </vertex>
            <vertex>
                <position z="0.555570" y="0.632324" x="-2.500000"/>
                <normal z="0.000001" y="0.000001" x="1.000000"/>
                <texcoord v="1.000000" u="0.000000"/>
            </vertex>
            <vertex>
                <position z="0.382683" y="0.724734" x="-2.500000"/>
                <normal z="0.000001" y="0.000001" x="1.000000"/>
                <texcoord v="1.000000" u="0.000000"/>
            </vertex>
            <vertex>
                <position z="0.980785" y="-0.195090" x="2.500000"/>
                <normal z="-0.000000" y="-0.000000" x="1.000000"/>
                <texcoord v="1.000000" u="0.000000"/>
            </vertex>
            <vertex>
                <position z="1.000000" y="0.000000" x="2.500000"/>
                <normal z="-0.000000" y="-0.000000" x="1.000000"/>
                <texcoord v="1.000000" u="0.000000"/>
            </vertex>
            <vertex>
                <position z="1.000000" y="-0.199145" x="2.500000"/>
                <normal z="-0.000000" y="-0.000000" x="1.000000"/>
                <texcoord v="1.000000" u="0.000000"/>
            </vertex>
            <vertex>
                <position z="0.980785" y="-0.394236" x="2.500000"/>
                <normal z="-0.000000" y="-0.000000" x="1.000000"/>
                <texcoord v="1.000000" u="0.000000"/>
            </vertex>
        </vertexbuffer>
    </sharedgeometry>
    <submeshes>
        <submesh use32bitindexes="False" usesharedvertices="true" material="Level" operationtype="triangle_list">
            <faces count="148">
                <face v1="0" v2="1" v3="2"/>
                <face v1="0" v2="2" v3="3"/>
                <face v1="4" v2="5" v3="6"/>
                <face v1="4" v2="6" v3="7"/>
                <face v1="8" v2="9" v3="10"/>
                <face v1="8" v2="10" v3="11"/>
                <face v1="12" v2="13" v3="14"/>
                <face v1="12" v2="14" v3="15"/>
                <face v1="16" v2="17" v3="18"/>
                <face v1="16" v2="18" v3="19"/>
                <face v1="20" v2="21" v3="22"/>
                <face v1="20" v2="22" v3="23"/>
                <face v1="24" v2="25" v3="26"/>
                <face v1="24" v2="26" v3="27"/>
                <face v1="28" v2="29" v3="30"/>
                <face v1="28" v2="30" v3="31"/>
                <face v1="32" v2="33" v3="34"/>
                <face v1="32" v2="34" v3="35"/>
                <face v1="36" v2="37" v3="38"/>
                <face v1="36" v2="38" v3="39"/>
                <face v1="40" v2="41" v3="42"/>
                <face v1="40" v2="42" v3="43"/>
                <face v1="44" v2="45" v3="46"/>
                <face v1="44" v2="46" v3="47"/>
                <face v1="48" v2="49" v3="50"/>
                <face v1="48" v2="50" v3="51"/>
                <face v1="52" v2="53" v3="54"/>
                <face v1="52" v2="54" v3="55"/>
                <face v1="56" v2="57" v3="58"/>
                <face v1="56" v2="58" v3="59"/>
                <face v1="60" v2="61" v3="62"/>
                <face v1="60" v2="62" v3="63"/>
                <face v1="64" v2="65" v3="66"/>
                <face v1="64" v2="66" v3="67"/>
                <face v1="68" v2="69" v3="70"/>
                <face v1="68" v2="70" v3="71"/>
                <face v1="72" v2="73" v3="74"/>
                <face v1="72" v2="74" v3="75"/>
                <face v1="76" v2="77" v3="78"/>
                <face v1="76" v2="78" v3="79"/>
                <face v1="80" v2="81" v3="82"/>
                <face v1="80" v2="82" v3="83"/>
                <face v1="84" v2="85" v3="86"/>
                <face v1="84" v2="86" v3="87"/>
                <face v1="88" v2="89" v3="90"/>
                <face v1="88" v2="90" v3="91"/>
                <face v1="92" v2="93" v3="94"/>
                <face v1="92" v2="94" v3="95"/>
                <face v1="96" v2="97" v3="98"/>
                <face v1="96" v2="98" v3="99"/>
                <face v1="100" v2="101" v3="102"/>
                <face v1="100" v2="102" v3="103"/>
                <face v1="104" v2="105" v3="106"/>
                <face v1="104" v2="106" v3="107"/>
                <face v1="108" v2="109" v3="110"/>
                <face v1="108" v2="110" v3="111"/>
                <face v1="112" v2="113" v3="114"/>
                <face v1="112" v2="114" v3="115"/>
                <face v1="116" v2="117" v3="118"/>
                <face v1="116" v2="118" v3="119"/>
                <face v1="120" v2="121" v3="122"/>
                <face v1="120" v2="122" v3="123"/>
                <face v1="124" v2="125" v3="126"/>
                <face v1="124" v2="126" v3="127"/>
                <face v1="128" v2="129" v3="130"/>
                <face v1="128" v2="130" v3="131"/>
                <face v1="132" v2="133" v3="134"/>
                <face v1="132" v2="134" v3="135"/>
                <face v1="136" v2="137" v3="138"/>
                <face v1="136" v2="138" v3="139"/>
                <face v1="140" v2="141" v3="142"/>
                <face v1="140" v2="142" v3="143"/>
                <face v1="144" v2="145" v3="146"/>
                <face v1="144" v2="146" v3="147"/>
                <face v1="148" v2="149" v3="150"/>
                <face v1="148" v2="150" v3="151"/>
                <face v1="152" v2="153" v3="154"/>
                <face v1="152" v2="154" v3="155"/>
                <face v1="156" v2="157" v3="158"/>
                <face v1="156" v2="158" v3="159"/>
                <face v1="160" v2="161" v3="162"/>
                <face v1="160" v2="162" v3="163"/>
                <face v1="164" v2="165" v3="166"/>
                <face v1="164" v2="166" v3="167"/>
                <face v1="168" v2="169" v3="170"/>
                <face v1="168" v2="170" v3="171"/>
                <face v1="172" v2="173" v3="174"/>
                <face v1="172" v2="174" v3="175"/>
                <face v1="176" v2="177" v3="178"/>
                <face v1="176" v2="178" v3="179"/>
                <face v1="180" v2="181" v3="182"/>
                <face v1="180" v2="182" v3="183"/>
                <face v1="184" v2="185" v3="186"/>
                <face v1="184" v2="186" v3="187"/>
                <face v1="188" v2="189" v3="190"/>
                <face v1="188" v2="190" v3="191"/>
                <face v1="192" v2="193" v3="194"/>
                <face v1="192" v2="194" v3="195"/>
                <face v1="196" v2="197" v3="198"/>
                <face v1="196" v2="198" v3="199"/>
                <face v1="200" v2="201" v3="202"/>
                <face v1="200" v2="202" v3="203"/>
                <face v1="204" v2="205" v3="206"/>
                <face v1="204" v2="206" v3="207"/>
                <face v1="208" v2="209" v3="210"/>
                <face v1="208" v2="210" v3="211"/>
                <face v1="212" v2="200" v3="203"/>
                <face v1="212" v2="203" v3="213"/>
                <face v1="214" v2="215" v3="216"/>
                <face v1="214" v2="216" v3="217"/>
                <face v1="218" v2="219" v3="220"/>
                <face v1="218" v2="220" v3="221"/>
                <face v1="222" v2="223" v3="224"/>
                <face v1="222" v2="224" v3="225"/>
                <face v1="226" v2="227" v3="228"/>
                <face v1="226" v2="228" v3="229"/>
                <face v1="230" v2="231" v3="232"/>
                <face v1="230" v2="232" v3="233"/>
                <face v1="234" v2="235" v3="236"/>
                <face v1="234" v2="236" v3="237"/>
                <face v1="238" v2="212" v3="213"/>
                <face v1="238" v2="213" v3="239"/>
                <face v1="240" v2="241" v3="242"/>
                <face v1="240" v2="242" v3="243"/>
                <face v1="244" v2="245" v3="246"/>
                <face v1="244" v2="246" v3="247"/>
                <face v1="248" v2="249" v3="250"/>
                <face v1="248" v2="250" v3="251"/>
                <face v1="252" v2="253" v3="254"/>
                <face v1="252" v2="254" v3="255"/>
                <face v1="256" v2="257" v3="258"/>
                <face v1="256" v2="258" v3="259"/>
                <face v1="260" v2="261" v3="262"/>
                <face v1="260" v2="262" v3="263"/>
                <face v1="264" v2="265" v3="266"/>
                <face v1="264" v2="266" v3="267"/>
                <face v1="268" v2="269" v3="270"/>
                <face v1="268" v2="270" v3="271"/>
                <face v1="272" v2="273" v3="274"/>
                <face v1="272" v2="274" v3="275"/>
                <face v1="153" v2="260" v3="263"/>
                <face v1="153" v2="263" v3="154"/>
                <face v1="276" v2="277" v3="278"/>
                <face v1="276" v2="278" v3="279"/>
                <face v1="280" v2="281" v3="282"/>
                <face v1="280" v2="282" v3="283"/>
                <face v1="284" v2="285" v3="286"/>
                <face v1="284" v2="286" v3="287"/>
            </faces>
        </submesh>
    </submeshes>
    <submeshnames>
        <submesh index="0" name="Level">
        </submesh>
    </submeshnames>
</mesh>