<?xml version="1.0" encoding="UTF-8"?>
<mesh>
    <sharedgeometry vertexcount="258">
        <vertexbuffer colours_diffuse="False" texture_coords="0" normals="true" positions="true">
            <vertex>
                <position z="-1.000000" y="-0.000000" x="-2.500000"/>
                <normal z="0.995185" y="0.098017" x="-0.000000"/>
            </vertex>
            <vertex>
                <position z="-0.980785" y="-0.195090" x="-2.500000"/>
                <normal z="0.995185" y="0.098017" x="-0.000000"/>
            </vertex>
            <vertex>
                <position z="-0.980785" y="-0.195090" x="2.500000"/>
                <normal z="0.995185" y="0.098017" x="-0.000000"/>
            </vertex>
            <vertex>
                <position z="-1.000000" y="0.000000" x="2.500000"/>
                <normal z="0.995185" y="0.098017" x="-0.000000"/>
            </vertex>
            <vertex>
                <position z="-0.980785" y="-0.195090" x="-2.500000"/>
                <normal z="0.956940" y="0.290285" x="-0.000000"/>
            </vertex>
            <vertex>
                <position z="-0.923880" y="-0.382684" x="-2.500000"/>
                <normal z="0.956940" y="0.290285" x="-0.000000"/>
            </vertex>
            <vertex>
                <position z="-0.923880" y="-0.382683" x="2.500000"/>
                <normal z="0.956940" y="0.290285" x="-0.000000"/>
            </vertex>
            <vertex>
                <position z="-0.980785" y="-0.195090" x="2.500000"/>
                <normal z="0.956940" y="0.290285" x="-0.000000"/>
            </vertex>
            <vertex>
                <position z="-0.923880" y="-0.382684" x="-2.500000"/>
                <normal z="0.881921" y="0.471397" x="-0.000000"/>
            </vertex>
            <vertex>
                <position z="-0.831470" y="-0.555570" x="-2.500000"/>
                <normal z="0.881921" y="0.471397" x="-0.000000"/>
            </vertex>
            <vertex>
                <position z="-0.831470" y="-0.555570" x="2.500000"/>
                <normal z="0.881921" y="0.471397" x="-0.000000"/>
            </vertex>
            <vertex>
                <position z="-0.923880" y="-0.382683" x="2.500000"/>
                <normal z="0.881921" y="0.471397" x="-0.000000"/>
            </vertex>
            <vertex>
                <position z="-0.831470" y="-0.555570" x="-2.500000"/>
                <normal z="0.773010" y="0.634393" x="-0.000000"/>
            </vertex>
            <vertex>
                <position z="-0.707107" y="-0.707107" x="-2.500000"/>
                <normal z="0.773010" y="0.634393" x="-0.000000"/>
            </vertex>
            <vertex>
                <position z="-0.707107" y="-0.707107" x="2.500000"/>
                <normal z="0.773010" y="0.634393" x="-0.000000"/>
            </vertex>
            <vertex>
                <position z="-0.831470" y="-0.555570" x="2.500000"/>
                <normal z="0.773010" y="0.634393" x="-0.000000"/>
            </vertex>
            <vertex>
                <position z="-0.707107" y="-0.707107" x="-2.500000"/>
                <normal z="0.634393" y="0.773010" x="-0.000000"/>
            </vertex>
            <vertex>
                <position z="-0.555570" y="-0.831470" x="-2.500000"/>
                <normal z="0.634393" y="0.773010" x="-0.000000"/>
            </vertex>
            <vertex>
                <position z="-0.555570" y="-0.831470" x="2.500000"/>
                <normal z="0.634393" y="0.773010" x="-0.000000"/>
            </vertex>
            <vertex>
                <position z="-0.707107" y="-0.707107" x="2.500000"/>
                <normal z="0.634393" y="0.773010" x="-0.000000"/>
            </vertex>
            <vertex>
                <position z="-0.555570" y="-0.831470" x="-2.500000"/>
                <normal z="0.471397" y="0.881921" x="-0.000000"/>
            </vertex>
            <vertex>
                <position z="-0.382683" y="-0.923880" x="-2.500000"/>
                <normal z="0.471397" y="0.881921" x="-0.000000"/>
            </vertex>
            <vertex>
                <position z="-0.382683" y="-0.923879" x="2.500000"/>
                <normal z="0.471397" y="0.881921" x="-0.000000"/>
            </vertex>
            <vertex>
                <position z="-0.555570" y="-0.831470" x="2.500000"/>
                <normal z="0.471397" y="0.881921" x="-0.000000"/>
            </vertex>
            <vertex>
                <position z="-0.382683" y="-0.923880" x="-2.500000"/>
                <normal z="0.290285" y="0.956940" x="-0.000000"/>
            </vertex>
            <vertex>
                <position z="-0.195090" y="-0.980785" x="-2.500000"/>
                <normal z="0.290285" y="0.956940" x="-0.000000"/>
            </vertex>
            <vertex>
                <position z="-0.195090" y="-0.980785" x="2.500000"/>
                <normal z="0.290285" y="0.956940" x="-0.000000"/>
            </vertex>
            <vertex>
                <position z="-0.382683" y="-0.923879" x="2.500000"/>
                <normal z="0.290285" y="0.956940" x="-0.000000"/>
            </vertex>
            <vertex>
                <position z="-0.195090" y="-0.980785" x="-2.500000"/>
                <normal z="0.098017" y="0.995185" x="-0.000000"/>
            </vertex>
            <vertex>
                <position z="-0.000000" y="-1.000000" x="-2.500000"/>
                <normal z="0.098017" y="0.995185" x="-0.000000"/>
            </vertex>
            <vertex>
                <position z="-0.000000" y="-1.000000" x="2.500000"/>
                <normal z="0.098017" y="0.995185" x="-0.000000"/>
            </vertex>
            <vertex>
                <position z="-0.195090" y="-0.980785" x="2.500000"/>
                <normal z="0.098017" y="0.995185" x="-0.000000"/>
            </vertex>
            <vertex>
                <position z="-0.000000" y="-1.000000" x="-2.500000"/>
                <normal z="-0.098017" y="0.995185" x="-0.000000"/>
            </vertex>
            <vertex>
                <position z="0.195090" y="-0.980785" x="-2.500000"/>
                <normal z="-0.098017" y="0.995185" x="-0.000000"/>
            </vertex>
            <vertex>
                <position z="0.195090" y="-0.980785" x="2.500000"/>
                <normal z="-0.098017" y="0.995185" x="-0.000000"/>
            </vertex>
            <vertex>
                <position z="-0.000000" y="-1.000000" x="2.500000"/>
                <normal z="-0.098017" y="0.995185" x="-0.000000"/>
            </vertex>
            <vertex>
                <position z="0.195090" y="-0.980785" x="-2.500000"/>
                <normal z="-0.290285" y="0.956940" x="-0.000000"/>
            </vertex>
            <vertex>
                <position z="0.382683" y="-0.923880" x="-2.500000"/>
                <normal z="-0.290285" y="0.956940" x="-0.000000"/>
            </vertex>
            <vertex>
                <position z="0.382683" y="-0.923880" x="2.500000"/>
                <normal z="-0.290285" y="0.956940" x="-0.000000"/>
            </vertex>
            <vertex>
                <position z="0.195090" y="-0.980785" x="2.500000"/>
                <normal z="-0.290285" y="0.956940" x="-0.000000"/>
            </vertex>
            <vertex>
                <position z="0.382683" y="-0.923880" x="-2.500000"/>
                <normal z="-0.471396" y="0.881921" x="-0.000000"/>
            </vertex>
            <vertex>
                <position z="0.555570" y="-0.831470" x="-2.500000"/>
                <normal z="-0.471396" y="0.881921" x="-0.000000"/>
            </vertex>
            <vertex>
                <position z="0.555570" y="-0.831470" x="2.500000"/>
                <normal z="-0.471396" y="0.881921" x="-0.000000"/>
            </vertex>
            <vertex>
                <position z="0.382683" y="-0.923880" x="2.500000"/>
                <normal z="-0.471396" y="0.881921" x="-0.000000"/>
            </vertex>
            <vertex>
                <position z="0.555570" y="-0.831470" x="-2.500000"/>
                <normal z="-0.634393" y="0.773010" x="-0.000000"/>
            </vertex>
            <vertex>
                <position z="0.707107" y="-0.707107" x="-2.500000"/>
                <normal z="-0.634393" y="0.773010" x="-0.000000"/>
            </vertex>
            <vertex>
                <position z="0.707107" y="-0.707107" x="2.500000"/>
                <normal z="-0.634393" y="0.773010" x="-0.000000"/>
            </vertex>
            <vertex>
                <position z="0.555570" y="-0.831470" x="2.500000"/>
                <normal z="-0.634393" y="0.773010" x="-0.000000"/>
            </vertex>
            <vertex>
                <position z="0.707107" y="-0.707107" x="-2.500000"/>
                <normal z="-0.773010" y="0.634393" x="-0.000000"/>
            </vertex>
            <vertex>
                <position z="0.831470" y="-0.555570" x="-2.500000"/>
                <normal z="-0.773010" y="0.634393" x="-0.000000"/>
            </vertex>
            <vertex>
                <position z="0.831470" y="-0.555570" x="2.500000"/>
                <normal z="-0.773010" y="0.634393" x="-0.000000"/>
            </vertex>
            <vertex>
                <position z="0.707107" y="-0.707107" x="2.500000"/>
                <normal z="-0.773010" y="0.634393" x="-0.000000"/>
            </vertex>
            <vertex>
                <position z="0.831470" y="-0.555570" x="-2.500000"/>
                <normal z="-0.881921" y="0.471397" x="-0.000000"/>
            </vertex>
            <vertex>
                <position z="0.923880" y="-0.382683" x="-2.500000"/>
                <normal z="-0.881921" y="0.471397" x="-0.000000"/>
            </vertex>
            <vertex>
                <position z="0.923880" y="-0.382683" x="2.500000"/>
                <normal z="-0.881921" y="0.471397" x="-0.000000"/>
            </vertex>
            <vertex>
                <position z="0.831470" y="-0.555570" x="2.500000"/>
                <normal z="-0.881921" y="0.471397" x="-0.000000"/>
            </vertex>
            <vertex>
                <position z="0.923880" y="-0.382683" x="-2.500000"/>
                <normal z="-0.956940" y="0.290284" x="-0.000000"/>
            </vertex>
            <vertex>
                <position z="0.980785" y="-0.195090" x="-2.500000"/>
                <normal z="-0.956940" y="0.290284" x="-0.000000"/>
            </vertex>
            <vertex>
                <position z="0.980785" y="-0.195090" x="2.500000"/>
                <normal z="-0.956940" y="0.290284" x="-0.000000"/>
            </vertex>
            <vertex>
                <position z="0.923880" y="-0.382683" x="2.500000"/>
                <normal z="-0.956940" y="0.290284" x="-0.000000"/>
            </vertex>
            <vertex>
                <position z="0.980785" y="-0.195090" x="-2.500000"/>
                <normal z="-0.995185" y="0.098017" x="-0.000000"/>
            </vertex>
            <vertex>
                <position z="1.000000" y="0.000000" x="-2.500000"/>
                <normal z="-0.995185" y="0.098017" x="-0.000000"/>
            </vertex>
            <vertex>
                <position z="1.000000" y="0.000000" x="2.500000"/>
                <normal z="-0.995185" y="0.098017" x="-0.000000"/>
            </vertex>
            <vertex>
                <position z="0.980785" y="-0.195090" x="2.500000"/>
                <normal z="-0.995185" y="0.098017" x="-0.000000"/>
            </vertex>
            <vertex>
                <position z="1.000000" y="0.000000" x="-2.500000"/>
                <normal z="-0.995185" y="-0.098018" x="0.000000"/>
            </vertex>
            <vertex>
                <position z="0.980785" y="0.195091" x="-2.500000"/>
                <normal z="-0.995185" y="-0.098018" x="0.000000"/>
            </vertex>
            <vertex>
                <position z="0.980785" y="0.195091" x="2.500000"/>
                <normal z="-0.995185" y="-0.098018" x="0.000000"/>
            </vertex>
            <vertex>
                <position z="1.000000" y="0.000000" x="2.500000"/>
                <normal z="-0.995185" y="-0.098018" x="0.000000"/>
            </vertex>
            <vertex>
                <position z="-0.980786" y="0.195089" x="-2.500000"/>
                <normal z="0.995185" y="-0.098017" x="0.000000"/>
            </vertex>
            <vertex>
                <position z="-1.000000" y="-0.000000" x="-2.500000"/>
                <normal z="0.995185" y="-0.098017" x="0.000000"/>
            </vertex>
            <vertex>
                <position z="-1.000000" y="0.000000" x="2.500000"/>
                <normal z="0.995185" y="-0.098017" x="0.000000"/>
            </vertex>
            <vertex>
                <position z="-0.980786" y="0.195089" x="2.500000"/>
                <normal z="0.995185" y="-0.098017" x="0.000000"/>
            </vertex>
            <vertex>
                <position z="-1.000000" y="0.199145" x="-2.500000"/>
                <normal z="-0.995185" y="-0.098017" x="0.000000"/>
            </vertex>
            <vertex>
                <position z="-1.000000" y="0.199145" x="2.500000"/>
                <normal z="-0.995185" y="-0.098017" x="0.000000"/>
            </vertex>
            <vertex>
                <position z="-0.980785" y="0.004055" x="2.500000"/>
                <normal z="-0.995185" y="-0.098017" x="0.000000"/>
            </vertex>
            <vertex>
                <position z="-0.980785" y="0.004055" x="-2.500000"/>
                <normal z="-0.995185" y="-0.098017" x="0.000000"/>
            </vertex>
            <vertex>
                <position z="-0.980785" y="0.004055" x="-2.500000"/>
                <normal z="-0.956940" y="-0.290285" x="0.000000"/>
            </vertex>
            <vertex>
                <position z="-0.980785" y="0.004055" x="2.500000"/>
                <normal z="-0.956940" y="-0.290285" x="0.000000"/>
            </vertex>
            <vertex>
                <position z="-0.923880" y="-0.183538" x="2.500000"/>
                <normal z="-0.956940" y="-0.290285" x="0.000000"/>
            </vertex>
            <vertex>
                <position z="-0.923880" y="-0.183538" x="-2.500000"/>
                <normal z="-0.956940" y="-0.290285" x="0.000000"/>
            </vertex>
            <vertex>
                <position z="-0.923880" y="-0.183538" x="-2.500000"/>
                <normal z="-0.881921" y="-0.471397" x="0.000000"/>
            </vertex>
            <vertex>
                <position z="-0.923880" y="-0.183538" x="2.500000"/>
                <normal z="-0.881921" y="-0.471397" x="0.000000"/>
            </vertex>
            <vertex>
                <position z="-0.831470" y="-0.356425" x="2.500000"/>
                <normal z="-0.881921" y="-0.471397" x="0.000000"/>
            </vertex>
            <vertex>
                <position z="-0.831470" y="-0.356425" x="-2.500000"/>
                <normal z="-0.881921" y="-0.471397" x="0.000000"/>
            </vertex>
            <vertex>
                <position z="-0.831470" y="-0.356425" x="-2.500000"/>
                <normal z="-0.773010" y="-0.634393" x="0.000000"/>
            </vertex>
            <vertex>
                <position z="-0.831470" y="-0.356425" x="2.500000"/>
                <normal z="-0.773010" y="-0.634393" x="0.000000"/>
            </vertex>
            <vertex>
                <position z="-0.707107" y="-0.507961" x="2.500000"/>
                <normal z="-0.773010" y="-0.634393" x="0.000000"/>
            </vertex>
            <vertex>
                <position z="-0.707107" y="-0.507961" x="-2.500000"/>
                <normal z="-0.773010" y="-0.634393" x="0.000000"/>
            </vertex>
            <vertex>
                <position z="-0.707107" y="-0.507961" x="-2.500000"/>
                <normal z="-0.634393" y="-0.773010" x="0.000000"/>
            </vertex>
            <vertex>
                <position z="-0.707107" y="-0.507961" x="2.500000"/>
                <normal z="-0.634393" y="-0.773010" x="0.000000"/>
            </vertex>
            <vertex>
                <position z="-0.555570" y="-0.632324" x="2.500000"/>
                <normal z="-0.634393" y="-0.773010" x="0.000000"/>
            </vertex>
            <vertex>
                <position z="-0.555570" y="-0.632324" x="-2.500000"/>
                <normal z="-0.634393" y="-0.773010" x="0.000000"/>
            </vertex>
            <vertex>
                <position z="-0.555570" y="-0.632324" x="-2.500000"/>
                <normal z="-0.471397" y="-0.881921" x="0.000000"/>
            </vertex>
            <vertex>
                <position z="-0.555570" y="-0.632324" x="2.500000"/>
                <normal z="-0.471397" y="-0.881921" x="0.000000"/>
            </vertex>
            <vertex>
                <position z="-0.382683" y="-0.724734" x="2.500000"/>
                <normal z="-0.471397" y="-0.881921" x="0.000000"/>
            </vertex>
            <vertex>
                <position z="-0.382683" y="-0.724734" x="-2.500000"/>
                <normal z="-0.471397" y="-0.881921" x="0.000000"/>
            </vertex>
            <vertex>
                <position z="-0.382683" y="-0.724734" x="-2.500000"/>
                <normal z="-0.290285" y="-0.956940" x="0.000000"/>
            </vertex>
            <vertex>
                <position z="-0.382683" y="-0.724734" x="2.500000"/>
                <normal z="-0.290285" y="-0.956940" x="0.000000"/>
            </vertex>
            <vertex>
                <position z="-0.195090" y="-0.781640" x="2.500000"/>
                <normal z="-0.290285" y="-0.956940" x="0.000000"/>
            </vertex>
            <vertex>
                <position z="-0.195090" y="-0.781640" x="-2.500000"/>
                <normal z="-0.290285" y="-0.956940" x="0.000000"/>
            </vertex>
            <vertex>
                <position z="-0.195090" y="-0.781640" x="-2.500000"/>
                <normal z="-0.098017" y="-0.995185" x="0.000000"/>
            </vertex>
            <vertex>
                <position z="-0.195090" y="-0.781640" x="2.500000"/>
                <normal z="-0.098017" y="-0.995185" x="0.000000"/>
            </vertex>
            <vertex>
                <position z="-0.000000" y="-0.800855" x="2.500000"/>
                <normal z="-0.098017" y="-0.995185" x="0.000000"/>
            </vertex>
            <vertex>
                <position z="-0.000000" y="-0.800855" x="-2.500000"/>
                <normal z="-0.098017" y="-0.995185" x="0.000000"/>
            </vertex>
            <vertex>
                <position z="-0.000000" y="-0.800855" x="-2.500000"/>
                <normal z="0.098017" y="-0.995185" x="0.000000"/>
            </vertex>
            <vertex>
                <position z="-0.000000" y="-0.800855" x="2.500000"/>
                <normal z="0.098017" y="-0.995185" x="0.000000"/>
            </vertex>
            <vertex>
                <position z="0.195090" y="-0.781640" x="2.500000"/>
                <normal z="0.098017" y="-0.995185" x="0.000000"/>
            </vertex>
            <vertex>
                <position z="0.195090" y="-0.781640" x="-2.500000"/>
                <normal z="0.098017" y="-0.995185" x="0.000000"/>
            </vertex>
            <vertex>
                <position z="0.195090" y="-0.781640" x="-2.500000"/>
                <normal z="0.290285" y="-0.956940" x="0.000000"/>
            </vertex>
            <vertex>
                <position z="0.195090" y="-0.781640" x="2.500000"/>
                <normal z="0.290285" y="-0.956940" x="0.000000"/>
            </vertex>
            <vertex>
                <position z="0.382683" y="-0.724734" x="2.500000"/>
                <normal z="0.290285" y="-0.956940" x="0.000000"/>
            </vertex>
            <vertex>
                <position z="0.382683" y="-0.724734" x="-2.500000"/>
                <normal z="0.290285" y="-0.956940" x="0.000000"/>
            </vertex>
            <vertex>
                <position z="0.382683" y="-0.724734" x="-2.500000"/>
                <normal z="0.471396" y="-0.881921" x="0.000000"/>
            </vertex>
            <vertex>
                <position z="0.382683" y="-0.724734" x="2.500000"/>
                <normal z="0.471396" y="-0.881921" x="0.000000"/>
            </vertex>
            <vertex>
                <position z="0.555570" y="-0.632324" x="2.500000"/>
                <normal z="0.471396" y="-0.881921" x="0.000000"/>
            </vertex>
            <vertex>
                <position z="0.555570" y="-0.632324" x="-2.500000"/>
                <normal z="0.471396" y="-0.881921" x="0.000000"/>
            </vertex>
            <vertex>
                <position z="0.555570" y="-0.632324" x="-2.500000"/>
                <normal z="0.634393" y="-0.773010" x="0.000000"/>
            </vertex>
            <vertex>
                <position z="0.555570" y="-0.632324" x="2.500000"/>
                <normal z="0.634393" y="-0.773010" x="0.000000"/>
            </vertex>
            <vertex>
                <position z="0.707107" y="-0.507961" x="2.500000"/>
                <normal z="0.634393" y="-0.773010" x="0.000000"/>
            </vertex>
            <vertex>
                <position z="0.707107" y="-0.507961" x="-2.500000"/>
                <normal z="0.634393" y="-0.773010" x="0.000000"/>
            </vertex>
            <vertex>
                <position z="0.707107" y="-0.507961" x="-2.500000"/>
                <normal z="0.773010" y="-0.634393" x="0.000000"/>
            </vertex>
            <vertex>
                <position z="0.707107" y="-0.507961" x="2.500000"/>
                <normal z="0.773010" y="-0.634393" x="0.000000"/>
            </vertex>
            <vertex>
                <position z="0.831470" y="-0.356425" x="2.500000"/>
                <normal z="0.773010" y="-0.634393" x="0.000000"/>
            </vertex>
            <vertex>
                <position z="0.831470" y="-0.356425" x="-2.500000"/>
                <normal z="0.773010" y="-0.634393" x="0.000000"/>
            </vertex>
            <vertex>
                <position z="0.831470" y="-0.356425" x="-2.500000"/>
                <normal z="0.881921" y="-0.471397" x="0.000000"/>
            </vertex>
            <vertex>
                <position z="0.831470" y="-0.356425" x="2.500000"/>
                <normal z="0.881921" y="-0.471397" x="0.000000"/>
            </vertex>
            <vertex>
                <position z="0.923880" y="-0.183538" x="2.500000"/>
                <normal z="0.881921" y="-0.471397" x="0.000000"/>
            </vertex>
            <vertex>
                <position z="0.923880" y="-0.183538" x="-2.500000"/>
                <normal z="0.881921" y="-0.471397" x="0.000000"/>
            </vertex>
            <vertex>
                <position z="0.923880" y="-0.183538" x="-2.500000"/>
                <normal z="0.956940" y="-0.290284" x="0.000000"/>
            </vertex>
            <vertex>
                <position z="0.923880" y="-0.183538" x="2.500000"/>
                <normal z="0.956940" y="-0.290284" x="0.000000"/>
            </vertex>
            <vertex>
                <position z="0.980785" y="0.004055" x="2.500000"/>
                <normal z="0.956940" y="-0.290284" x="0.000000"/>
            </vertex>
            <vertex>
                <position z="0.980785" y="0.004055" x="-2.500000"/>
                <normal z="0.956940" y="-0.290284" x="0.000000"/>
            </vertex>
            <vertex>
                <position z="0.980785" y="0.004055" x="-2.500000"/>
                <normal z="0.995185" y="-0.098017" x="0.000000"/>
            </vertex>
            <vertex>
                <position z="0.980785" y="0.004055" x="2.500000"/>
                <normal z="0.995185" y="-0.098017" x="0.000000"/>
            </vertex>
            <vertex>
                <position z="1.000000" y="0.199146" x="2.500000"/>
                <normal z="0.995185" y="-0.098017" x="0.000000"/>
            </vertex>
            <vertex>
                <position z="1.000000" y="0.199146" x="-2.500000"/>
                <normal z="0.995185" y="-0.098017" x="0.000000"/>
            </vertex>
            <vertex>
                <position z="1.000000" y="0.199146" x="-2.500000"/>
                <normal z="0.995185" y="0.098018" x="-0.000000"/>
            </vertex>
            <vertex>
                <position z="1.000000" y="0.199146" x="2.500000"/>
                <normal z="0.995185" y="0.098018" x="-0.000000"/>
            </vertex>
            <vertex>
                <position z="0.980785" y="0.394236" x="2.500000"/>
                <normal z="0.995185" y="0.098018" x="-0.000000"/>
            </vertex>
            <vertex>
                <position z="0.980785" y="0.394236" x="-2.500000"/>
                <normal z="0.995185" y="0.098018" x="-0.000000"/>
            </vertex>
            <vertex>
                <position z="-0.980786" y="0.394234" x="-2.500000"/>
                <normal z="-0.995185" y="0.098017" x="-0.000000"/>
            </vertex>
            <vertex>
                <position z="-0.980786" y="0.394234" x="2.500000"/>
                <normal z="-0.995185" y="0.098017" x="-0.000000"/>
            </vertex>
            <vertex>
                <position z="-1.000000" y="0.199145" x="2.500000"/>
                <normal z="-0.995185" y="0.098017" x="-0.000000"/>
            </vertex>
            <vertex>
                <position z="-1.000000" y="0.199145" x="-2.500000"/>
                <normal z="-0.995185" y="0.098017" x="-0.000000"/>
            </vertex>
            <vertex>
                <position z="-0.980786" y="0.195089" x="-2.500000"/>
                <normal z="1.000000" y="-0.000000" x="0.000000"/>
            </vertex>
            <vertex>
                <position z="-0.980786" y="0.195089" x="2.500000"/>
                <normal z="1.000000" y="-0.000000" x="0.000000"/>
            </vertex>
            <vertex>
                <position z="-0.980786" y="0.394234" x="2.500000"/>
                <normal z="1.000000" y="-0.000000" x="0.000000"/>
            </vertex>
            <vertex>
                <position z="-0.980786" y="0.394234" x="-2.500000"/>
                <normal z="1.000000" y="-0.000000" x="0.000000"/>
            </vertex>
            <vertex>
                <position z="-0.000000" y="-1.000000" x="-2.500000"/>
                <normal z="-0.000000" y="0.000000" x="1.000000"/>
            </vertex>
            <vertex>
                <position z="-0.195090" y="-0.980785" x="-2.500000"/>
                <normal z="-0.000000" y="0.000000" x="1.000000"/>
            </vertex>
            <vertex>
                <position z="-0.195090" y="-0.781640" x="-2.500000"/>
                <normal z="-0.000000" y="0.000000" x="1.000000"/>
            </vertex>
            <vertex>
                <position z="-0.000000" y="-0.800855" x="-2.500000"/>
                <normal z="-0.000000" y="0.000000" x="1.000000"/>
            </vertex>
            <vertex>
                <position z="-0.980785" y="-0.195090" x="2.500000"/>
                <normal z="-0.000000" y="-0.000000" x="-1.000000"/>
            </vertex>
            <vertex>
                <position z="-0.923880" y="-0.382683" x="2.500000"/>
                <normal z="-0.000000" y="-0.000000" x="-1.000000"/>
            </vertex>
            <vertex>
                <position z="-0.923880" y="-0.183538" x="2.500000"/>
                <normal z="-0.000000" y="-0.000000" x="-1.000000"/>
            </vertex>
            <vertex>
                <position z="-0.980785" y="0.004055" x="2.500000"/>
                <normal z="-0.000000" y="-0.000000" x="-1.000000"/>
            </vertex>
            <vertex>
                <position z="1.000000" y="0.000000" x="-2.500000"/>
                <normal z="-0.000000" y="0.000000" x="1.000000"/>
            </vertex>
            <vertex>
                <position z="0.980785" y="-0.195090" x="-2.500000"/>
                <normal z="-0.000000" y="0.000000" x="1.000000"/>
            </vertex>
            <vertex>
                <position z="0.980785" y="0.004055" x="-2.500000"/>
                <normal z="-0.000000" y="0.000000" x="1.000000"/>
            </vertex>
            <vertex>
                <position z="1.000000" y="0.199146" x="-2.500000"/>
                <normal z="-0.000000" y="0.000000" x="1.000000"/>
            </vertex>
            <vertex>
                <position z="0.195090" y="-0.980785" x="2.500000"/>
                <normal z="-0.000000" y="-0.000000" x="-1.000000"/>
            </vertex>
            <vertex>
                <position z="0.382683" y="-0.923880" x="2.500000"/>
                <normal z="-0.000000" y="-0.000000" x="-1.000000"/>
            </vertex>
            <vertex>
                <position z="0.382683" y="-0.724734" x="2.500000"/>
                <normal z="-0.000000" y="-0.000000" x="-1.000000"/>
            </vertex>
            <vertex>
                <position z="0.195090" y="-0.781640" x="2.500000"/>
                <normal z="-0.000000" y="-0.000000" x="-1.000000"/>
            </vertex>
            <vertex>
                <position z="-0.382683" y="-0.923880" x="-2.500000"/>
                <normal z="-0.000000" y="0.000000" x="1.000000"/>
            </vertex>
            <vertex>
                <position z="-0.382683" y="-0.724734" x="-2.500000"/>
                <normal z="-0.000000" y="0.000000" x="1.000000"/>
            </vertex>
            <vertex>
                <position z="-0.000000" y="-1.000000" x="2.500000"/>
                <normal z="-0.000000" y="-0.000000" x="-1.000000"/>
            </vertex>
            <vertex>
                <position z="-0.000000" y="-0.800855" x="2.500000"/>
                <normal z="-0.000000" y="-0.000000" x="-1.000000"/>
            </vertex>
            <vertex>
                <position z="0.980785" y="-0.195090" x="-2.500000"/>
                <normal z="-0.000000" y="0.000000" x="1.000000"/>
            </vertex>
            <vertex>
                <position z="0.923880" y="-0.382683" x="-2.500000"/>
                <normal z="-0.000000" y="0.000000" x="1.000000"/>
            </vertex>
            <vertex>
                <position z="0.923880" y="-0.183538" x="-2.500000"/>
                <normal z="-0.000000" y="0.000000" x="1.000000"/>
            </vertex>
            <vertex>
                <position z="0.980785" y="0.004055" x="-2.500000"/>
                <normal z="-0.000000" y="0.000000" x="1.000000"/>
            </vertex>
            <vertex>
                <position z="1.000000" y="0.000000" x="2.500000"/>
                <normal z="-0.000000" y="0.000000" x="1.000000"/>
            </vertex>
            <vertex>
                <position z="0.980785" y="0.195091" x="2.500000"/>
                <normal z="-0.000000" y="0.000000" x="1.000000"/>
            </vertex>
            <vertex>
                <position z="0.980785" y="0.394236" x="2.500000"/>
                <normal z="-0.000000" y="0.000000" x="1.000000"/>
            </vertex>
            <vertex>
                <position z="1.000000" y="0.199146" x="2.500000"/>
                <normal z="-0.000000" y="0.000000" x="1.000000"/>
            </vertex>
            <vertex>
                <position z="-0.555570" y="-0.831470" x="-2.500000"/>
                <normal z="-0.000000" y="0.000000" x="1.000000"/>
            </vertex>
            <vertex>
                <position z="-0.555570" y="-0.632324" x="-2.500000"/>
                <normal z="-0.000000" y="0.000000" x="1.000000"/>
            </vertex>
            <vertex>
                <position z="-1.000000" y="-0.000000" x="-2.500000"/>
                <normal z="-0.000000" y="-0.000000" x="-1.000000"/>
            </vertex>
            <vertex>
                <position z="-0.980786" y="0.195089" x="-2.500000"/>
                <normal z="-0.000000" y="-0.000000" x="-1.000000"/>
            </vertex>
            <vertex>
                <position z="-0.980786" y="0.394234" x="-2.500000"/>
                <normal z="-0.000000" y="-0.000000" x="-1.000000"/>
            </vertex>
            <vertex>
                <position z="-1.000000" y="0.199145" x="-2.500000"/>
                <normal z="-0.000000" y="-0.000000" x="-1.000000"/>
            </vertex>
            <vertex>
                <position z="-0.195090" y="-0.980785" x="2.500000"/>
                <normal z="-0.000000" y="-0.000000" x="-1.000000"/>
            </vertex>
            <vertex>
                <position z="-0.195090" y="-0.781640" x="2.500000"/>
                <normal z="-0.000000" y="-0.000000" x="-1.000000"/>
            </vertex>
            <vertex>
                <position z="0.923880" y="-0.382683" x="-2.500000"/>
                <normal z="0.000003" y="0.000000" x="1.000000"/>
            </vertex>
            <vertex>
                <position z="0.831470" y="-0.555570" x="-2.500000"/>
                <normal z="0.000003" y="0.000000" x="1.000000"/>
            </vertex>
            <vertex>
                <position z="0.831470" y="-0.356425" x="-2.500000"/>
                <normal z="0.000003" y="0.000000" x="1.000000"/>
            </vertex>
            <vertex>
                <position z="0.923880" y="-0.183538" x="-2.500000"/>
                <normal z="0.000003" y="0.000000" x="1.000000"/>
            </vertex>
            <vertex>
                <position z="-0.707107" y="-0.707107" x="-2.500000"/>
                <normal z="-0.000000" y="0.000000" x="1.000000"/>
            </vertex>
            <vertex>
                <position z="-0.707107" y="-0.507961" x="-2.500000"/>
                <normal z="-0.000000" y="0.000000" x="1.000000"/>
            </vertex>
            <vertex>
                <position z="0.980785" y="-0.195090" x="2.500000"/>
                <normal z="-0.000000" y="-0.000000" x="-1.000000"/>
            </vertex>
            <vertex>
                <position z="1.000000" y="0.000000" x="2.500000"/>
                <normal z="-0.000000" y="-0.000000" x="-1.000000"/>
            </vertex>
            <vertex>
                <position z="1.000000" y="0.199146" x="2.500000"/>
                <normal z="-0.000000" y="-0.000000" x="-1.000000"/>
            </vertex>
            <vertex>
                <position z="0.980785" y="0.004055" x="2.500000"/>
                <normal z="-0.000000" y="-0.000000" x="-1.000000"/>
            </vertex>
            <vertex>
                <position z="-0.382683" y="-0.923879" x="2.500000"/>
                <normal z="-0.000000" y="-0.000000" x="-1.000000"/>
            </vertex>
            <vertex>
                <position z="-0.382683" y="-0.724734" x="2.500000"/>
                <normal z="-0.000000" y="-0.000000" x="-1.000000"/>
            </vertex>
            <vertex>
                <position z="0.831470" y="-0.555570" x="-2.500000"/>
                <normal z="-0.000000" y="0.000000" x="1.000000"/>
            </vertex>
            <vertex>
                <position z="0.707107" y="-0.707107" x="-2.500000"/>
                <normal z="-0.000000" y="0.000000" x="1.000000"/>
            </vertex>
            <vertex>
                <position z="0.707107" y="-0.507961" x="-2.500000"/>
                <normal z="-0.000000" y="0.000000" x="1.000000"/>
            </vertex>
            <vertex>
                <position z="0.831470" y="-0.356425" x="-2.500000"/>
                <normal z="-0.000000" y="0.000000" x="1.000000"/>
            </vertex>
            <vertex>
                <position z="0.923880" y="-0.382683" x="2.500000"/>
                <normal z="-0.000000" y="-0.000000" x="-1.000000"/>
            </vertex>
            <vertex>
                <position z="0.923880" y="-0.183538" x="2.500000"/>
                <normal z="-0.000000" y="-0.000000" x="-1.000000"/>
            </vertex>
            <vertex>
                <position z="-0.831470" y="-0.555570" x="-2.500000"/>
                <normal z="-0.000000" y="0.000000" x="1.000000"/>
            </vertex>
            <vertex>
                <position z="-0.831470" y="-0.356425" x="-2.500000"/>
                <normal z="-0.000000" y="0.000000" x="1.000000"/>
            </vertex>
            <vertex>
                <position z="0.980785" y="0.195091" x="2.500000"/>
                <normal z="-1.000000" y="0.000000" x="0.000000"/>
            </vertex>
            <vertex>
                <position z="0.980785" y="0.195091" x="-2.500000"/>
                <normal z="-1.000000" y="0.000000" x="0.000000"/>
            </vertex>
            <vertex>
                <position z="0.980785" y="0.394236" x="-2.500000"/>
                <normal z="-1.000000" y="0.000000" x="0.000000"/>
            </vertex>
            <vertex>
                <position z="0.980785" y="0.394236" x="2.500000"/>
                <normal z="-1.000000" y="0.000000" x="0.000000"/>
            </vertex>
            <vertex>
                <position z="-0.980785" y="-0.195090" x="-2.500000"/>
                <normal z="-0.000000" y="0.000000" x="1.000000"/>
            </vertex>
            <vertex>
                <position z="-1.000000" y="-0.000000" x="-2.500000"/>
                <normal z="-0.000000" y="0.000000" x="1.000000"/>
            </vertex>
            <vertex>
                <position z="-1.000000" y="0.199145" x="-2.500000"/>
                <normal z="-0.000000" y="0.000000" x="1.000000"/>
            </vertex>
            <vertex>
                <position z="-0.980785" y="0.004055" x="-2.500000"/>
                <normal z="-0.000000" y="0.000000" x="1.000000"/>
            </vertex>
            <vertex>
                <position z="-0.555570" y="-0.831470" x="2.500000"/>
                <normal z="-0.000000" y="-0.000000" x="-1.000000"/>
            </vertex>
            <vertex>
                <position z="-0.555570" y="-0.632324" x="2.500000"/>
                <normal z="-0.000000" y="-0.000000" x="-1.000000"/>
            </vertex>
            <vertex>
                <position z="0.555570" y="-0.831470" x="-2.500000"/>
                <normal z="-0.000000" y="0.000000" x="1.000000"/>
            </vertex>
            <vertex>
                <position z="0.555570" y="-0.632324" x="-2.500000"/>
                <normal z="-0.000000" y="0.000000" x="1.000000"/>
            </vertex>
            <vertex>
                <position z="-0.980786" y="0.195089" x="2.500000"/>
                <normal z="-0.000000" y="0.000000" x="1.000000"/>
            </vertex>
            <vertex>
                <position z="-1.000000" y="0.000000" x="2.500000"/>
                <normal z="-0.000000" y="0.000000" x="1.000000"/>
            </vertex>
            <vertex>
                <position z="-1.000000" y="0.199145" x="2.500000"/>
                <normal z="-0.000000" y="0.000000" x="1.000000"/>
            </vertex>
            <vertex>
                <position z="-0.980786" y="0.394234" x="2.500000"/>
                <normal z="-0.000000" y="0.000000" x="1.000000"/>
            </vertex>
            <vertex>
                <position z="0.831470" y="-0.555570" x="2.500000"/>
                <normal z="-0.000000" y="-0.000000" x="-1.000000"/>
            </vertex>
            <vertex>
                <position z="0.831470" y="-0.356425" x="2.500000"/>
                <normal z="-0.000000" y="-0.000000" x="-1.000000"/>
            </vertex>
            <vertex>
                <position z="-0.831470" y="-0.555570" x="-2.500000"/>
                <normal z="-0.000003" y="0.000000" x="1.000000"/>
            </vertex>
            <vertex>
                <position z="-0.923880" y="-0.382684" x="-2.500000"/>
                <normal z="-0.000003" y="0.000000" x="1.000000"/>
            </vertex>
            <vertex>
                <position z="-0.923880" y="-0.183538" x="-2.500000"/>
                <normal z="-0.000003" y="0.000000" x="1.000000"/>
            </vertex>
            <vertex>
                <position z="-0.831470" y="-0.356425" x="-2.500000"/>
                <normal z="-0.000003" y="0.000000" x="1.000000"/>
            </vertex>
            <vertex>
                <position z="0.382683" y="-0.923880" x="-2.500000"/>
                <normal z="-0.000000" y="0.000000" x="1.000000"/>
            </vertex>
            <vertex>
                <position z="0.382683" y="-0.724734" x="-2.500000"/>
                <normal z="-0.000000" y="0.000000" x="1.000000"/>
            </vertex>
            <vertex>
                <position z="-0.707107" y="-0.707107" x="2.500000"/>
                <normal z="0.000002" y="0.000000" x="-1.000000"/>
            </vertex>
            <vertex>
                <position z="-0.555570" y="-0.831470" x="2.500000"/>
                <normal z="0.000002" y="0.000000" x="-1.000000"/>
            </vertex>
            <vertex>
                <position z="-0.555570" y="-0.632324" x="2.500000"/>
                <normal z="0.000002" y="0.000000" x="-1.000000"/>
            </vertex>
            <vertex>
                <position z="-0.707107" y="-0.507961" x="2.500000"/>
                <normal z="0.000002" y="0.000000" x="-1.000000"/>
            </vertex>
            <vertex>
                <position z="-0.923880" y="-0.382684" x="-2.500000"/>
                <normal z="-0.000000" y="0.000000" x="1.000000"/>
            </vertex>
            <vertex>
                <position z="-0.980785" y="-0.195090" x="-2.500000"/>
                <normal z="-0.000000" y="0.000000" x="1.000000"/>
            </vertex>
            <vertex>
                <position z="-0.980785" y="0.004055" x="-2.500000"/>
                <normal z="-0.000000" y="0.000000" x="1.000000"/>
            </vertex>
            <vertex>
                <position z="-0.923880" y="-0.183538" x="-2.500000"/>
                <normal z="-0.000000" y="0.000000" x="1.000000"/>
            </vertex>
            <vertex>
                <position z="0.707107" y="-0.707107" x="2.500000"/>
                <normal z="-0.000000" y="-0.000000" x="-1.000000"/>
            </vertex>
            <vertex>
                <position z="0.707107" y="-0.507961" x="2.500000"/>
                <normal z="-0.000000" y="-0.000000" x="-1.000000"/>
            </vertex>
            <vertex>
                <position z="-0.831470" y="-0.555570" x="2.500000"/>
                <normal z="-0.000000" y="-0.000000" x="-1.000000"/>
            </vertex>
            <vertex>
                <position z="-0.707107" y="-0.707107" x="2.500000"/>
                <normal z="-0.000000" y="-0.000000" x="-1.000000"/>
            </vertex>
            <vertex>
                <position z="-0.707107" y="-0.507961" x="2.500000"/>
                <normal z="-0.000000" y="-0.000000" x="-1.000000"/>
            </vertex>
            <vertex>
                <position z="-0.831470" y="-0.356425" x="2.500000"/>
                <normal z="-0.000000" y="-0.000000" x="-1.000000"/>
            </vertex>
            <vertex>
                <position z="0.195090" y="-0.980785" x="-2.500000"/>
                <normal z="-0.000000" y="0.000000" x="1.000000"/>
            </vertex>
            <vertex>
                <position z="0.195090" y="-0.781640" x="-2.500000"/>
                <normal z="-0.000000" y="0.000000" x="1.000000"/>
            </vertex>
            <vertex>
                <position z="0.555570" y="-0.831470" x="2.500000"/>
                <normal z="-0.000002" y="0.000000" x="-1.000000"/>
            </vertex>
            <vertex>
                <position z="0.707107" y="-0.707107" x="2.500000"/>
                <normal z="-0.000002" y="0.000000" x="-1.000000"/>
            </vertex>
            <vertex>
                <position z="0.707107" y="-0.507961" x="2.500000"/>
                <normal z="-0.000002" y="0.000000" x="-1.000000"/>
            </vertex>
            <vertex>
                <position z="0.555570" y="-0.632324" x="2.500000"/>
                <normal z="-0.000002" y="0.000000" x="-1.000000"/>
            </vertex>
            <vertex>
                <position z="-1.000000" y="0.000000" x="2.500000"/>
                <normal z="-0.000000" y="-0.000000" x="-1.000000"/>
            </vertex>
            <vertex>
                <position z="-0.980785" y="-0.195090" x="2.500000"/>
                <normal z="-0.000000" y="-0.000000" x="-1.000000"/>
            </vertex>
            <vertex>
                <position z="-0.980785" y="0.004055" x="2.500000"/>
                <normal z="-0.000000" y="-0.000000" x="-1.000000"/>
            </vertex>
            <vertex>
                <position z="-1.000000" y="0.199145" x="2.500000"/>
                <normal z="-0.000000" y="-0.000000" x="-1.000000"/>
            </vertex>
            <vertex>
                <position z="0.555570" y="-0.831470" x="2.500000"/>
                <normal z="-0.000000" y="-0.000000" x="-1.000000"/>
            </vertex>
            <vertex>
                <position z="0.555570" y="-0.632324" x="2.500000"/>
                <normal z="-0.000000" y="-0.000000" x="-1.000000"/>
            </vertex>
            <vertex>
                <position z="0.980785" y="0.195091" x="-2.500000"/>
                <normal z="-0.000000" y="-0.000000" x="-1.000000"/>
            </vertex>
            <vertex>
                <position z="1.000000" y="0.000000" x="-2.500000"/>
                <normal z="-0.000000" y="-0.000000" x="-1.000000"/>
            </vertex>
            <vertex>
                <position z="1.000000" y="0.199146" x="-2.500000"/>
                <normal z="-0.000000" y="-0.000000" x="-1.000000"/>
            </vertex>
            <vertex>
                <position z="0.980785" y="0.394236" x="-2.500000"/>
                <normal z="-0.000000" y="-0.000000" x="-1.000000"/>
            </vertex>
        </vertexbuffer>
    </sharedgeometry>
    <submeshes>
        <submesh use32bitindexes="False" operationtype="triangle_list" usesharedvertices="true" material="Level">
            <faces count="148">
                <face v3="2" v2="1" v1="0"/>
                <face v3="3" v2="2" v1="0"/>
                <face v3="6" v2="5" v1="4"/>
                <face v3="7" v2="6" v1="4"/>
                <face v3="10" v2="9" v1="8"/>
                <face v3="11" v2="10" v1="8"/>
                <face v3="14" v2="13" v1="12"/>
                <face v3="15" v2="14" v1="12"/>
                <face v3="18" v2="17" v1="16"/>
                <face v3="19" v2="18" v1="16"/>
                <face v3="22" v2="21" v1="20"/>
                <face v3="23" v2="22" v1="20"/>
                <face v3="26" v2="25" v1="24"/>
                <face v3="27" v2="26" v1="24"/>
                <face v3="30" v2="29" v1="28"/>
                <face v3="31" v2="30" v1="28"/>
                <face v3="34" v2="33" v1="32"/>
                <face v3="35" v2="34" v1="32"/>
                <face v3="38" v2="37" v1="36"/>
                <face v3="39" v2="38" v1="36"/>
                <face v3="42" v2="41" v1="40"/>
                <face v3="43" v2="42" v1="40"/>
                <face v3="46" v2="45" v1="44"/>
                <face v3="47" v2="46" v1="44"/>
                <face v3="50" v2="49" v1="48"/>
                <face v3="51" v2="50" v1="48"/>
                <face v3="54" v2="53" v1="52"/>
                <face v3="55" v2="54" v1="52"/>
                <face v3="58" v2="57" v1="56"/>
                <face v3="59" v2="58" v1="56"/>
                <face v3="62" v2="61" v1="60"/>
                <face v3="63" v2="62" v1="60"/>
                <face v3="66" v2="65" v1="64"/>
                <face v3="67" v2="66" v1="64"/>
                <face v3="70" v2="69" v1="68"/>
                <face v3="71" v2="70" v1="68"/>
                <face v3="74" v2="73" v1="72"/>
                <face v3="75" v2="74" v1="72"/>
                <face v3="78" v2="77" v1="76"/>
                <face v3="79" v2="78" v1="76"/>
                <face v3="82" v2="81" v1="80"/>
                <face v3="83" v2="82" v1="80"/>
                <face v3="86" v2="85" v1="84"/>
                <face v3="87" v2="86" v1="84"/>
                <face v3="90" v2="89" v1="88"/>
                <face v3="91" v2="90" v1="88"/>
                <face v3="94" v2="93" v1="92"/>
                <face v3="95" v2="94" v1="92"/>
                <face v3="98" v2="97" v1="96"/>
                <face v3="99" v2="98" v1="96"/>
                <face v3="102" v2="101" v1="100"/>
                <face v3="103" v2="102" v1="100"/>
                <face v3="106" v2="105" v1="104"/>
                <face v3="107" v2="106" v1="104"/>
                <face v3="110" v2="109" v1="108"/>
                <face v3="111" v2="110" v1="108"/>
                <face v3="114" v2="113" v1="112"/>
                <face v3="115" v2="114" v1="112"/>
                <face v3="118" v2="117" v1="116"/>
                <face v3="119" v2="118" v1="116"/>
                <face v3="122" v2="121" v1="120"/>
                <face v3="123" v2="122" v1="120"/>
                <face v3="126" v2="125" v1="124"/>
                <face v3="127" v2="126" v1="124"/>
                <face v3="130" v2="129" v1="128"/>
                <face v3="131" v2="130" v1="128"/>
                <face v3="134" v2="133" v1="132"/>
                <face v3="135" v2="134" v1="132"/>
                <face v3="138" v2="137" v1="136"/>
                <face v3="139" v2="138" v1="136"/>
                <face v3="142" v2="141" v1="140"/>
                <face v3="143" v2="142" v1="140"/>
                <face v3="146" v2="145" v1="144"/>
                <face v3="147" v2="146" v1="144"/>
                <face v3="150" v2="149" v1="148"/>
                <face v3="151" v2="150" v1="148"/>
                <face v3="154" v2="153" v1="152"/>
                <face v3="155" v2="154" v1="152"/>
                <face v3="158" v2="157" v1="156"/>
                <face v3="159" v2="158" v1="156"/>
                <face v3="162" v2="161" v1="160"/>
                <face v3="163" v2="162" v1="160"/>
                <face v3="165" v2="164" v1="149"/>
                <face v3="150" v2="165" v1="149"/>
                <face v3="163" v2="160" v1="166"/>
                <face v3="167" v2="163" v1="166"/>
                <face v3="170" v2="169" v1="168"/>
                <face v3="171" v2="170" v1="168"/>
                <face v3="174" v2="173" v1="172"/>
                <face v3="175" v2="174" v1="172"/>
                <face v3="177" v2="176" v1="164"/>
                <face v3="165" v2="177" v1="164"/>
                <face v3="180" v2="179" v1="178"/>
                <face v3="181" v2="180" v1="178"/>
                <face v3="167" v2="166" v1="182"/>
                <face v3="183" v2="167" v1="182"/>
                <face v3="186" v2="185" v1="184"/>
                <face v3="187" v2="186" v1="184"/>
                <face v3="189" v2="188" v1="176"/>
                <face v3="177" v2="189" v1="176"/>
                <face v3="192" v2="191" v1="190"/>
                <face v3="193" v2="192" v1="190"/>
                <face v3="183" v2="182" v1="194"/>
                <face v3="195" v2="183" v1="194"/>
                <face v3="198" v2="197" v1="196"/>
                <face v3="199" v2="198" v1="196"/>
                <face v3="193" v2="190" v1="200"/>
                <face v3="201" v2="193" v1="200"/>
                <face v3="203" v2="202" v1="188"/>
                <face v3="189" v2="203" v1="188"/>
                <face v3="206" v2="205" v1="204"/>
                <face v3="207" v2="206" v1="204"/>
                <face v3="210" v2="209" v1="208"/>
                <face v3="211" v2="210" v1="208"/>
                <face v3="195" v2="194" v1="212"/>
                <face v3="213" v2="195" v1="212"/>
                <face v3="215" v2="214" v1="197"/>
                <face v3="198" v2="215" v1="197"/>
                <face v3="218" v2="217" v1="216"/>
                <face v3="219" v2="218" v1="216"/>
                <face v3="201" v2="200" v1="220"/>
                <face v3="221" v2="201" v1="220"/>
                <face v3="224" v2="223" v1="222"/>
                <face v3="225" v2="224" v1="222"/>
                <face v3="227" v2="226" v1="214"/>
                <face v3="215" v2="227" v1="214"/>
                <face v3="230" v2="229" v1="228"/>
                <face v3="231" v2="230" v1="228"/>
                <face v3="234" v2="233" v1="232"/>
                <face v3="235" v2="234" v1="232"/>
                <face v3="221" v2="220" v1="236"/>
                <face v3="237" v2="221" v1="236"/>
                <face v3="240" v2="239" v1="238"/>
                <face v3="241" v2="240" v1="238"/>
                <face v3="243" v2="242" v1="226"/>
                <face v3="227" v2="243" v1="226"/>
                <face v3="246" v2="245" v1="244"/>
                <face v3="247" v2="246" v1="244"/>
                <face v3="250" v2="249" v1="248"/>
                <face v3="251" v2="250" v1="248"/>
                <face v3="241" v2="238" v1="153"/>
                <face v3="154" v2="241" v1="153"/>
                <face v3="151" v2="148" v1="242"/>
                <face v3="243" v2="151" v1="242"/>
                <face v3="253" v2="252" v1="161"/>
                <face v3="162" v2="253" v1="161"/>
                <face v3="256" v2="255" v1="254"/>
                <face v3="257" v2="256" v1="254"/>
            </faces>
        </submesh>
    </submeshes>
    <submeshnames>
        <submesh index="0" name="Level">
        </submesh>
    </submeshnames>
</mesh>